Workbook
Name _5面遮水: #REF!
Name _6面遮水: #REF!
Name _シート無: #REF!
Name ・・・: #REF!
Name a: #REF!
Name AAM: #REF!
Name ah: #REF!
Name AIX: #REF!
Name AJC: #REF!
Name AJG: #REF!
Name AMM: #REF!
Name b: #REF!
Name BS_1500歩掛: #REF!
Name BS_2000歩掛: #REF!
Name BS_2500歩掛: #REF!
Name buzai_kg: [2]mst製品質量!$D$3:$G$240
Name cellレッカー規格1: [2]【入力】概要!$J$35
Name cellレッカー規格2: [2]【入力】概要!$J$36
Name cellレッカー種類1: [2]【入力】概要!$F$35
Name cellレッカー種類2: [2]【入力】概要!$F$36
Name cellレッカー賃料txt: [2]mst_単価!$A$52
Name cell営業所: [2]【入力】概要!$AC$14
Name cell管理番号: [2]【入力】概要!$AC$13
Name cell軽油: [2]【入力】詳細!$C$74
Name cell県: #REF!
Name cell工事費: [2]【入力】概要!$T$7
Name cell高n: [2]数量計算書_組立図ツール連動用!$AL$99
Name cell高さ: [2]【入力】概要!$H$4
Name cell担当者: [2]【入力】概要!$AC$15
Name cell地域: [2]【入力】概要!$P$34
Name cell年度: [2]mst_労務!$A$1
Name cell余裕高: [2]【入力】概要!$AE$6
Name change: #REF!
Name Dept_list: #REF!
Name Dept_to_FA: #REF!
Name E: #REF!
Name I_1500歩掛: #REF!
Name I_2000歩掛: #REF!
Name I_2500歩掛: #REF!
Name inM3クラス: [2]【入力】標準組立図!$C$7
Name inふた幅: [2]【入力】標準組立図!$C$8
Name in県: [2]【入力】標準組立図!$C$5
Name in高さ: [2]【入力】標準組立図!$C$6
Name in製品重量: [2]【入力】標準組立図!$H$9
Name in製品単価: [2]【入力】標準組立図!$C$12
Name in余裕高: [2]【入力】標準組立図!$C$9
Name JTB担当: [3]DB!$F$2:$F$9
Name mst_Qfuta: '[2]参_ふた、端面D規格'!$B$23:$F$46
Name mst_Qtand: '[2]参_ふた、端面D規格'!$B$50:$G$91
Name NAME: #REF!
Name PIBO: #REF!
Name SH: #REF!
Name sw: [2]数量計算書_組立図ツール連動用!$AI$2
Name tblCOST00: [2]mst_FB000!$BA$4:$BA$108
Name tblCOST06: [2]mst_FB600!$BA$4:$BA$108
Name tblHP: [2]mst!$C$160:$D$175
Name tblHP呼び径: [2]mst!$B$160:$B$175
Name tblSTDID_見出00: [2]mst_FB000!$B$4:$AZ$108
Name tblSTDID_見出06: [2]mst_FB600!$B$4:$AZ$108
Name tblSTDID00: [2]mst_FB000!$A$4:$A$108

Sheet 【251001】アジア選手積算
M1: 契約現状０のため法的には確保０です。この数字に法的拘束力はありません | AG1: ホテル独自見積 | FP1: ホテル独自見積
I2: 契約現状０のため | AG2: 1/20シミュ（射撃が豊田Ver.） | FP2: 1/20シミュ（射撃が豊田Ver.）
AI3: 現状の平均額 | AK3: =ROUNDUP(SUM(AK50,AK56,AK85,AK99,AK101,AK109,AK117,AK119,AK129,AK131,AK133,AK145,AK149,AK151,AK155,AK89,AK127,[1]【251001】パラ選手積算!CL10,AK64)/19,0) -> 27337 | AM3: =ROUNDUP(SUM(AM50,AM56,AM85,AM99,AM101,AM109,AM117,AM119,AM129,AM131,AM133,AM145,AM149,AM151,AM155,AM89,AM127,[1]【251001】パラ選手積算!CN10,AM64)/19,0) -> 25503 | AO3: =ROUNDUP(SUM(AO50,AO56,AO85,AO89,AO99,AO101,AO109,AO117,AO119,AO129,AO131,AO133,AO145,AO149,AO151,AO155,[1]【251001】パラ選手積算!CP10,AO64)/18,0) -> 2455
AA4: 最新版 | AI4: 予算要求時の平均額 | AK4: 26106 | AM4: 24690 | AO4: 2373 | AW4: ｽｲｰﾄは除いてます | BV4: 2026/2/5時点資料 | DI4: 2/5時点資料 | DQ4: →これより右は数式なし | EK4: 予算要求時点資料 | FZ4: ｽｲｰﾄは除いてます | GW4: 7/25時点資料 | IJ4: 7/25時点資料
I5: この数字に法的拘束力はありません | AG5: 金額はホテルから見積もり取得済みのもの以外は上がる可能性があります | AZ5: １日あたり総額×差引日数 | BA5: １日あたり総額×差引日数 | FP5: 金額はホテルから見積もり取得済みのもの以外は上がる可能性があります | GC5: １日あたり総額×差引日数 | GD5: １日あたり総額×差引日数
AE6: 仮で入れてあります | AF6: 仮で入れてあります | AW6: ※除くスイートルーム | AZ6: 仮入力 | BA6: 仮入力 | DM6: 隠し計算用 | ES6: 45677 | ET6: 45672 | EU6: 45961 | FN6: 仮で入れてあります | FO6: 仮で入れてあります | FZ6: ※除くスイートルーム | GC6: 仮入力 | GD6: 仮入力 | IN6: 隠し計算用
B7: アジア競技大会における選手団宿泊施設想定 | AG7: 単位：円 | AJ7: 計算用 | AK7: ※黄色：仮置き。見積もりが来ているホテルの見積単価の平均値を他のホテルに反映 | AL7: 計算用 | AS7: 単位：円 | AT7: 単位：円 | AU7: 単位：円 | AV7: 単位：円 | AW7: 単位：円 | AX7: 単位：円 | AZ7: 単位：円 | BA7: 単位：円 | BB7: 6割 | BC7: 参考 | BD7: ６割 | BE7: これいる？ | BF7: ４割 | BG7: これいる？ | BH7: 3割 | DI7: 取り扱い注意 | FP7: 単位：円 | FV7: 単位：円 | FW7: 単位：円 | FX7: 単位：円 | FY7: 単位：円 | FZ7: 単位：円 | GA7: 単位：円 | GC7: 単位：円 | GD7: 単位：円 | GE7: けんしょー | GL7: けんしょー | IJ7: 取り扱い注意 | IR7: 1031財政見通し積算（12,600人の時点の配宿シミュレーション）
E8: 非表示 | G8: 非表示 | I8: 編集中 | L8: 非表示 | V8: 非表示※全棟貸切：企業契約や長期滞在者を除く貸切をイメージ | CR8: 開会式 | DG8: 閉会式 | EY8: 総長レク時非表示？ | HS8: 開会式 | IH8: 閉会式
B9: 所在地 | D9: 通し 番号 | E9: 施設 番号 | F9: 宿泊施設基本情報 | G9: 保有客室 | I9: 提供可能客室数 | K9: おためし 整合性管理 | L9: 最大 瞬間風速 | M9: ﾌｧﾝｸｼｮﾝ 保有数 | N9: 食事提供 難易度 | O9: 食事提供 主体想定 | P9: 朝食会場 座席数 | Q9: その他宿泊施設機能 | T9: 乗降場 | U9: 利用想定 | V9: 貸切 想定（※） | X9: 別紙 | AA9: 15,000人 | AE9: 変動有無 | AF9: 見積もり取得状況 | AG9: 一日あたり 客室総額 （税込） | AH9: 朝食単価 （素泊まり契約の場合は０） | AK9: 附属契約 | AM9: 附属契約 | AN9: 附属 | AO9: 附属契約 | AP9: 利用想定 客室数 | AQ9: 収容可能人数 | AR9: 平均宿泊人数 | AS9: 一人あたり 平均単価 （税込） | AT9: 1室あたり単価 （税込） | AU9: 1ベッドあたり単価 （税込） | AV9: 客室単価幅 最低 （税抜） | AW9: 客室単価幅 最高 （税抜） | AX9: 一日あたりﾌｧﾝｸｼｮﾝ総額 （税込） | AY9: ﾌｧﾝｸｼｮﾝ 利用想定数 | AZ9: 客室総計 （税込） | BA9: ﾌｧﾝｸｼｮﾝ 総計 （税込） | BB9: 附属契約 | BC9: 基本契約に含まれる朝食代 | BD9: 附属契約 | BF9: 附属契約 | BH9: 附属契約 | BI9: 入湯税or宿泊税 | BJ9: その他 | BK9: その他 | BL9: その他 | BM9: 想定 | BN9: テナントの数（ショップ含む） | BO9: キャンセルポリシーにより | BQ9: 7月末財政見通しとの | BT9: チェックイン | BU9: チェックアウト | BV9: 開始日 | BW9: 終了日 | BX9: 確保 泊数 | BY9: 46265 | BZ9: 46266 | CA9: 46267 | CB9: 46268 | CC9: 46269 | CD9: 46270 | CE9: 46271 | CF9: 46272 | CG9: 46273 | CH9: 46274 | CI9: 46275 | CJ9: 46276 | CK9: 46277 | CL9: 46278 | CM9: 46279 | CN9: 46280 | CO9: 46281 | CP9: 46282 | CQ9: 46283 | CR9: 46284 | CS9: 46285 | CT9: 46286 | CU9: 46287 | CV9: 46288 | CW9: 46289 | CX9: 46290 | CY9: 46291 | CZ9: 46292 | DA9: 46293 | DB9: 46294 | DC9: 46295 | DD9: 46296 | DE9: 46297 | DF9: 46298 | DG9: 46299 | DH9: 46300 | DI9: 46301 | DJ9: 46302 | DK9: 46303 | DQ9: 15,000人 | DU9: 一日あたり 客室総額 （税込） | DV9: 一日あたりﾌｧﾝｸｼｮﾝ総額 （税込） | DW9: 客室総計 （税込） | DX9: ﾌｧﾝｸｼｮﾝ 総計 （税込） | DY9: 附属契約 | DZ9: 附属契約 | EA9: 附属契約 | EB9: 附属契約 | EC9: 入湯税or宿泊税 | ED9: その他 | EE9: その他 | EF9: その他 | EG9: キャンセルポリシーにより | EK9: 開始日 | EL9: 終了日 | EM9: 確保 泊数 | EO9: 15,000人 | EW9: 競技会場 | EY9: 練習会場① | FB9: 練習会場② | FE9: 練習会場③ | FH9: 練習会場④ | FK9: 最大瞬間 風速時 予備ベッド数 | FL9: 予備率 | FM9: 区分 | FN9: 契約交渉状況 | FO9: 見積もり取得状況 | FP9: 一日あたり 客室総額 （税込） | FQ9: 朝食単価 （素泊まり契約の場合は０） | FR9: 4100との差額 | FS9: 利用想定 客室数 | FT9: 収容可能人数 | FU9: 平均宿泊人数 | FV9: 一人あたり 平均単価 （税込） | FW9: 1室あたり単価 （税込） | FX9: 1ベッドあたり単価 （税込） | FY9: 客室単価幅 最低 （税抜） | FZ9: 客室単価幅 最高 （税抜） | GA9: 一日あたりﾌｧﾝｸｼｮﾝ総額 （税込） | GB9: ﾌｧﾝｸｼｮﾝ 利用想定数 | GC9: 客室総計 （税込） | GD9: ﾌｧﾝｸｼｮﾝ 総計 （税込） | GE9: 客室総計 （税込） | GF9: ﾌｧﾝｸｼｮﾝ 総計 （税込） | GI9: アスリートミール差額の朝食加算 | GJ9: 入湯税or宿泊税 | GK9: その他 | GL9: その他 | GN9: その他 | GO9: その他 | GP9: 想定 | GQ9: テナントの数（ショップ含む） | GW9: 開始日 | GX9: 終了日 | GY9: 確保 泊数 | GZ9: 46265 | HA9: 46266 | HB9: 46267 | HC9: 46268 | HD9: 46269 | HE9: 46270 | HF9: 46271 | HG9: 46272 | HH9: 46273 | HI9: 46274 | HJ9: 46275 | HK9: 46276 | HL9: 46277 | HM9: 46278 | HN9: 46279 | HO9: 46280 | HP9: 46281 | HQ9: 46282 | HR9: 46283 | HS9: 46284 | HT9: 46285 | HU9: 46286 | HV9: 46287 | HW9: 46288 | HX9: 46289 | HY9: 46290 | HZ9: 46291 | IA9: 46292 | IB9: 46293 | IC9: 46294 | ID9: 46295 | IE9: 46296 | IF9: 46297 | IG9: 46298 | IH9: 46299 | II9: 46300 | IJ9: 46301 | IK9: 46302 | IL9: 46303 | IO9: 案1～3の記載 案1…あらゆるSH想定 案2・・・除外SH想定 案3・・・今あるもので決め打ち | IP9: 備考 ※除外SH・競技（＝確実に配宿されないことから確保期間に反映させなくてよいSH)などを記載 | IR9: 一日あたり 客室総額 （税込） | IS9: 利用想定 客室数 | IT9: 平均宿泊人数 | IU9: 一人当たり 平均単価 （税込） | IV9: 客室単価幅 最低 （税抜） | IW9: 客室単価幅 最高 （税抜） | IX9: 一日あたりﾌｧﾝｸｼｮﾝ総額 （税込） | IY9: ﾌｧﾝｸｼｮﾝ 利用想定数 | IZ9: 客室総計 （税込） | JA9: ﾌｧﾝｸｼｮﾝ 総計 （税込） | JB9: 食費 | JC9: その他 | JD9: 開始日 | JE9: 終了日 | JF9: 確保 泊数 | JG9: 新財政見通し（作成中）積算 | JO9: 46269 | JP9: 46270 | JQ9: 46271 | JR9: 46272 | JS9: 46273 | JT9: 46274 | JU9: 46275 | JV9: 46276 | JW9: 46277 | JX9: 46278 | JY9: 46279 | JZ9: 46280 | KA9: 46281 | KB9: 46282 | KC9: 46283 | KD9: 46284 | KE9: 46285 | KF9: 46286 | KG9: 46287 | KH9: 46288 | KI9: 46289 | KJ9: 46290 | KK9: 46291 | KL9: 46292 | KM9: 46293 | KN9: 46294 | KO9: 46295 | KP9: 46296 | KQ9: 46297 | KR9: 46298 | KS9: 46299 | KT9: 46300 | KU9: 46301 | KV9: 46302 | KW9: 46303
B10: エリア | C10: 市町村郡 | F10: 施設名 | G10: 総客室数 | H10: 収容可能人数 | I10: 客室数 | J10: 収容可能人数 | Q10: ジム | R10: サウナ | S10: コイン ランドリー | T10: 乗降場詳細 | U10: 15000 | X10: 1 | Y10: 2 | Z10: 3 | AA10: 配宿競技 | AB10: 会場 | AC10: 人数 | AD10: 施設別 人数 | AI10: 4100円との差額 | AK10: 受領見積単価 （通常） | AM10: 受領見積単価 （ハラルヴィーガン） | AN10: ハラル 支援 | AO10: 受領見積単価 （グラブ＆ゴー） | BB10: アスリートミール差額の朝食加算 | BD10: 通常食合計 | BE10: 予算との乖離 （通常食） | BF10: ハラルヴィーガン合計 | BG10: 予算との乖離 （ハラルヴィーガン） | BH10: グラブアンドゴー合計 | BJ10: 営業補償等 | BK10: クリーンベニュー 営業補償 自販機 | BL10: クリーンベニュー 営業補償 テナント | BM10: 自販機の数 | BO10: 返せなかった分 | BP10: 施設合計 | BQ10: 差額 | BR10: 経緯 | BS10: 1031有無 | BT10: 契約開始日 | BU10: 契約終了日 | BY10: 月 | BZ10: 火 | CA10: 水 | CB10: 木 | CC10: 金 | CD10: 土 | CE10: 日 | CF10: 月 | CG10: 火 | CH10: 水 | CI10: 木 | CJ10: 金 | CK10: 土 | CL10: 日 | CM10: 月 | CN10: 火 | CO10: 水 | CP10: 木 | CQ10: 金 | CR10: 土 | CS10: 日 | CT10: 月 | CU10: 火 | CV10: 水 | CW10: 木 | CX10: 金 | CY10: 土 | CZ10: 日 | DA10: 月 | DB10: 火 | DC10: 水 | DD10: 木 | DE10: 金 | DF10: 土 | DG10: 日 | DH10: 月 | DI10: 火 | DJ10: 水 | DK10: 木 | DM10: のべ宿泊 | DN10: 収入計算用 | DQ10: 配宿競技 | DR10: 会場 | DS10: 人数 | DT10: 施設別 人数 | DY10: アスリートミール差額の朝食加算 | DZ10: 通常食合計 | EA10: ハラルヴィーガン合計 | EB10: グラブアンドゴー合計 | ED10: 営業補償等 | EE10: クリーンベニュー 営業補償 自販機 | EF10: クリーンベニュー 営業補償 テナント | EG10: 返せなかった分 | EH10: 施設合計 | EI10: 契約開始日 | EJ10: 契約終了日 | EO10: 配宿競技 | EP10: 会場 | EQ10: 人数 | ER10: 施設別 人数 | ES10: 確認用 配宿人数 | ET10: 確認用 配宿人数 | EU10: 確認用 配宿人数 | EV10: 会場 | EW10: 距離 | EX10: 移動時間 | EY10: 練習会場① | EZ10: 距離 | FA10: 移動時間 | FB10: 練習会場② | FC10: 距離 | FD10: 移動時間 | FE10: 練習会場③ | FF10: 距離 | FG10: 移動時間 | FH10: 練習会場④ | FI10: 距離 | FJ10: 移動時間 | GK10: 営業補償等 | GL10: 営業補償等 | GN10: クリーンベニュー 営業補償 自販機 | GO10: クリーンベニュー 営業補償 テナント | GP10: 自販機の数 | GR10: 施設合計 | GS10: 積算金額確認用 | GT10: 1031有無 | GU10: 契約開始日 | GV10: 契約終了日 | GZ10: 月 | HA10: 火 | HB10: 水 | HC10: 木 | HD10: 金 | HE10: 土 | HF10: 日 | HG10: 月 | HH10: 火 | HI10: 水 | HJ10: 木 | HK10: 金 | HL10: 土 | HM10: 日 | HN10: 月 | HO10: 火 | HP10: 水 | HQ10: 木 | HR10: 金 | HS10: 土 | HT10: 日 | HU10: 月 | HV10: 火 | HW10: 水 | HX10: 木 | HY10: 金 | HZ10: 土 | IA10: 日 | IB10: 月 | IC10: 火 | ID10: 水 | IE10: 木 | IF10: 金 | IG10: 土 | IH10: 日 | II10: 月 | IJ10: 火 | IK10: 水 | IL10: 木 | IN10: のべ宿泊 | JC10: 営業補償等 | JG10: 客室総額 （一日あたり） | JH10: ファンクション総額 （1日あたり） | JO10: 金 | JP10: 土 | JQ10: 日 | JR10: 月 | JS10: 火 | JT10: 水 | JU10: 木 | JV10: 金 | JW10: 土 | JX10: 日 | JY10: 月 | JZ10: 火 | KA10: 水 | KB10: 木 | KC10: 金 | KD10: 土 | KE10: 日 | KF10: 月 | KG10: 火 | KH10: 水 | KI10: 木 | KJ10: 金 | KK10: 土 | KL10: 日 | KM10: 月 | KN10: 火 | KO10: 水 | KP10: 木 | KQ10: 金 | KR10: 土 | KS10: 日 | KT10: 月 | KU10: 火 | KV10: 水 | KW10: 木 | KY10: のべ宿泊
B11: 名古屋 | C11: 金城ふ頭 | D11: 1 | F11: ホテルシップ | G11: 1500 | H11: 3700 | I11: 1500 | J11: 3000 | K11: #N/A | L11: 3658 | M11: 調査中 | N11: 調査中 | O11: 宿泊施設 | P11: 調査中 | Q11: ○ | R11: ○ | S11: － | T11: 岸壁整備 | U11: ○ | V11: 全棟 | AA11: ハンドボール（男子） | AB11: 稲沢市 | AC11: 288 | AD11: =SUM(AC11:AC35) -> 4654 | AE11: 有 | AG11: =FP11 -> 0 | AH11: =FQ11 -> 0 | AI11: =FR11 -> 0 | AP11: =FS11 -> 0 | AQ11: =FT11 -> 0 | AR11: =FU11 -> 2782.6316 | AS11: ー | AT11: ー | AU11: ー | AV11: 26000 | AW11: 48000 | AX11: =GA11 -> 0 | AY11: =GB11 -> 0 | AZ11: =GC11 -> 0 | BA11: =GD11 -> 0 | BB11: =AI11*DM11 -> 0 | BC11: =AH11*DM11 -> 0 | BD11: =AK11*DM11*0.6 -> 0 | BF11: =AM11*DM11*0.4 -> 0 | BI11: =GJ11 -> 0 | BJ11: =GK11 -> 0 | BK11: =BM11*5000*BX11 -> 0 | BL11: =1800000*BN11*BX11 -> 0 | BM11: =GP11 -> 0 | BN11: =GQ11 -> 0 | BP11: =SUM(AZ11,BA11,BI11,BO11) -> 0 | BQ11: =BP11-GR11 -> 0 | BV11: =IFERROR(INDEX($BY$9:$DH$9, MATCH("準備", BY11:DK11, 0)), "") -> 46280 | BW11: {=IF(COUNTIF(BY11:DK11,"*撤去*")=0,"",INDEX(BY$9:DK$9,1,MAX(IF(CC11:DK11="撤去",COLUMN(CC11:DK11)-COLUMN(BY11)+1))))} -> 46301 | BX11: =BW11-BV11 -> 21 | BY11: 0 | BZ11: 0 | CA11: 0 | CB11: 0 | CC11: 0 | CD11: 0 | CE11: 0 | CF11: 0 | CG11: 0 | CH11: 0 | CI11: 0 | CJ11: 0 | CK11: 0 | CL11: 0 | CM11: 0 | CN11: 準備 | CO11: 1597 | CP11: 2223 | CQ11: 2327 | CR11: 2327 | CS11: 2587 | CT11: 2587 | CU11: 2920 | CV11: 3181 | CW11: 3380 | CX11: 3380 | CY11: 3447 | CZ11: 3632 | DA11: 3116 | DB11: 2956 | DC11: 2956 | DD11: 2337 | DE11: 2337 | DF11: 2337 | DG11: 2233 | DH11: 126 | DI11: 撤去 | DJ11: 0 | DK11: 0 | DM11: {=SUM(IF(ISNUMBER($BY11:$DK11),$BY11:$DK11, 0))} -> 51986 | EO11: ハンドボール（男子） | EP11: 稲沢市 | EQ11: 288 | ER11: 4725 | ES11: #N/A | ET11: #N/A | EU11: #N/A | EV11: 豊田合成記念体育館［エントリオ］ | EW11: 32.3 | EX11: 33 | EY11: 名古屋市名東スポーツセンター | EZ11: 27 | FA11: 31 | FB11: 名古屋市中村スポーツセンター | FC11: 23.7 | FD11: 29 | FE11: 稲沢市総合体育館 | FF11: 29.9 | FG11: 37 | FH11: 中部大学 | FI11: 42.8 | FJ11: 38 | FK11: 140 | FL11: 0.037837838 | FM11: ホテルシップ 合計 | FU11: 2782.6316 | GW11: 46280 | GX11: 46301 | GY11: 21 | GZ11: 0 | HA11: 0 | HB11: 0 | HC11: 0 | HD11: 0 | HE11: 0 | HF11: 0 | HG11: 0 | HH11: 0 | HI11: 0 | HJ11: 0 | HK11: 0 | HL11: 0 | HM11: 0 | HN11: 0 | HO11: 準備 | HP11: 1597 | HQ11: 2223 | HR11: 2327 | HS11: 2327 | HT11: 2587 | HU11: 2632 | HV11: 2965 | HW11: 3252 | HX11: 3451 | HY11: 3451 | HZ11: 3518 | IA11: 3658 | IB11: 3142 | IC11: 2982 | ID11: 2956 | IE11: 2625 | IF11: 2337 | IG11: 2337 | IH11: 2233 | II11: 270 | IJ11: 撤去 | IK11: 0 | IL11: 0 | IN11: {=SUM(IF(ISNUMBER($HD11:$IL11),$HD11:$IL11, 0))} -> 52870 | KY11: {=SUM(IF(ISNUMBER($HD11:$IL11),$HD11:$IL11, 0))} -> 52870
G12: 0 | H12: 0 | I12: 0 | J12: 0 | L12: 0 | M12: 0 | N12: 0 | O12: 0 | P12: 0 | Q12: 0 | R12: 0 | S12: 0 | AA12: アーチェリー | AB12: 岡崎市 | AC12: 333 | EO12: アーチェリー | EP12: 岡崎市 | EQ12: 333 | EV12: 岡崎中央総合公園多目的広場 | EW12: 47 | EX12: 39 | EY12: 競技会場に設置 | EZ12: 47 | FA12: 39 | FB12: ー | FE12: ー | FH12: ー
G13: 0 | H13: 0 | I13: 0 | J13: 0 | L13: 0 | M13: 0 | N13: 0 | O13: 0 | P13: 0 | Q13: 0 | R13: 0 | S13: 0 | AA13: 3x3 バスケットボール（男子） | AB13: 名古屋市 | AC13: 96 | EO13: 3x3 バスケットボール（男子） | EP13: 名古屋市 | EQ13: 96 | EV13: 金城ふ頭駅前特設コート | EW13: 1 | EX13: 2 | EY13: 競技会場に設置 | EZ13: 1 | FA13: 2 | FB13: ー | FE13: ー | FH13: ー
G14: 0 | H14: 0 | I14: 0 | J14: 0 | L14: 0 | M14: 0 | N14: 0 | O14: 0 | P14: 0 | Q14: 0 | R14: 0 | S14: 0 | AA14: 3x3 バスケットボール（女子） | AB14: 名古屋市 | AC14: 96 | EO14: 3x3 バスケットボール（女子） | EP14: 名古屋市 | EQ14: 96 | EV14: 金城ふ頭駅前特設コート | EW14: 1 | EX14: 2 | EY14: 競技会場に設置 | EZ14: 1 | FA14: 2 | FB14: ー | FE14: ー | FH14: ー
G15: 0 | H15: 0 | I15: 0 | J15: 0 | L15: 0 | M15: 0 | N15: 0 | O15: 0 | P15: 0 | Q15: 0 | R15: 0 | S15: 0 | AA15: カヌー・カヤック（スプリント） | AB15: みよし市 | AC15: 260 | EO15: カヌー・カヤック（スプリント） | EP15: みよし市 | EQ15: 260 | EV15: 三好池 | EW15: 31 | EX15: 39 | EY15: 競技会場に設置 | EZ15: 31 | FA15: 39 | FB15: ー | FE15: ー | FH15: ー
G16: 0 | H16: 0 | I16: 0 | J16: 0 | L16: 0 | M16: 0 | N16: 0 | O16: 0 | P16: 0 | Q16: 0 | R16: 0 | S16: 0 | EO16: 自転車競技（マウンテンバイク） | EP16: 名古屋市 | EQ16: 45 | EV16: 小幡緑地 | EW16: 33 | EX16: 28 | EY16: 競技会場に設置 | EZ16: 33 | FA16: 28 | FB16: ー | FE16: ー | FH16: ー
G17: 0 | H17: 0 | I17: 0 | J17: 0 | L17: 0 | M17: 0 | N17: 0 | O17: 0 | P17: 0 | Q17: 0 | R17: 0 | S17: 0 | EO17: 自転車競技（BMXレース） | EP17: 名古屋市 | EQ17: 26 | EV17: 名古屋市競輪場BMXレースコース | EW17: 24 | EX17: 28 | EY17: 競技会場に設置 | EZ17: 24 | FA17: 28 | FB17: ー | FE17: ー | FH17: ー
I18: 0 | J18: 0 | L18: 0 | AA18: 体操 | AB18: 名古屋市 | AC18: 210 | EO18: 体操 | EP18: 名古屋市 | EQ18: 210 | EV18: 名古屋市総合体育館［レインボーホール］ | EW18: 14 | EX18: 23 | EY18: ポートメッセなごや第二展示館 | EZ18: 0.6 | FA18: 2 | FB18: ー | FE18: ー | FH18: ー
G19: 0 | H19: 0 | I19: 0 | J19: 0 | L19: 0 | M19: 0 | N19: 0 | O19: 0 | P19: 0 | Q19: 0 | R19: 0 | S19: 0 | AA19: 新体操 | AB19: 名古屋市 | AC19: 126 | EO19: 新体操 | EP19: 名古屋市 | EQ19: 126 | EV19: 名古屋市総合体育館［レインボーホール］ | EW19: 14 | EX19: 23 | EY19: ポートメッセなごや第二展示館 | EZ19: 0.6 | FA19: 2 | FB19: ー | FE19: ー | FH19: ー
I20: 0 | J20: 0 | L20: 0 | AA20: トランポリン | AB20: 名古屋市 | AC20: 26 | EO20: トランポリン | EP20: 名古屋市 | EQ20: 26 | EV20: 名古屋市総合体育館［レインボーホール］ | EW20: 14 | EX20: 23 | EY20: ポートメッセなごや第二展示館 | EZ20: 0.6 | FA20: 2 | FB20: ー | FE20: ー | FH20: ー
AA21: 柔道 | AB21: 名古屋市 | AC21: 327 | EO21: 柔道 | EP21: 名古屋市 | EQ21: 327 | EV21: 愛知国際アリーナ | EW21: 25 | EX21: 28 | EY21: 愛知県体育館or露橋スポーツセンター | EZ21: 24.4 | FA21: 30 | FB21: ー | FE21: ー | FH21: ー
AA22: カバディ（男子） | AB22: 東海市 | AC22: 180 | EO22: カバディ（男子） | EP22: 東海市 | EQ22: 180 | EV22: 東海市民体育館 | EW22: 12 | EX22: 15 | EY22: 知多市民体育館 | EZ22: 14.7 | FA22: 20 | FB22: ー | FE22: ー | FH22: ー
AA23: カバディ（女子） | AB23: 東海市 | AC23: 144 | EO23: カバディ（女子） | EP23: 東海市 | EQ23: 144 | EV23: 東海市民体育館 | EW23: 12 | EX23: 15 | EY23: 知多市民体育館 | EZ23: 14.7 | FA23: 20 | FB23: ー | FE23: ー | FH23: ー
AA24: クラッシュ | AB24: 名古屋市 | AC24: 119 | EO24: クラッシュ | EP24: 名古屋市 | EQ24: 119 | EV24: 愛知県武道館 | EW24: 11 | EX24: 19 | EY24: 甚目寺総合体育館or露橋スポーツセンター | EZ24: 23.1 | FA24: 23 | FB24: ー | FE24: ー | FH24: ー
G25: 0 | H25: 0 | I25: 0 | J25: 0 | L25: 0 | M25: 0 | N25: 0 | O25: 0 | P25: 0 | Q25: 0 | R25: 0 | S25: 0 | AA25: ローイング | AB25: 海津市/愛西市 | AC25: 336 | EO25: ローイング | EP25: 海津市 | EQ25: 336 | EV25: 長良川国際レガッタコース | EW25: 31 | EX25: 38 | EY25: 競技会場に設置 | EZ25: 31 | FA25: 38 | FB25: ー | FE25: ー | FH25: ー
G26: 0 | H26: 0 | I26: 0 | J26: 0 | L26: 0 | M26: 0 | N26: 0 | O26: 0 | P26: 0 | Q26: 0 | R26: 0 | S26: 0 | AA26: ラグビー（男子） | AB26: 名古屋市 | AC26: 216 | EO26: ラグビー（男子） | EP26: 名古屋市 | EQ26: 216 | EV26: 名古屋市瑞穂公園ラグビー場 | EW26: 22 | EX26: 25 | EY26: 口論義運動公園サッカー場 | EZ26: 31.8 | FA26: 37 | FB26: 朝宮公園陸上競技場 | FC26: 38.5 | FD26: 43 | FE26: 名城大学日進グラウンド | FF26: 38 | FG26: 40 | FH26: 愛知学院大学グラウンド | FI26: 32.3 | FJ26: 41
G27: 0 | H27: 0 | I27: 0 | J27: 0 | L27: 0 | M27: 0 | N27: 0 | O27: 0 | P27: 0 | Q27: 0 | R27: 0 | S27: 0 | AA27: ラグビー（女子） | AB27: 名古屋市 | AC27: 144 | EO27: ラグビー（女子） | EP27: 名古屋市 | EQ27: 144 | EV27: 名古屋市瑞穂公園ラグビー場 | EW27: 22 | EX27: 25 | EY27: 口論義運動公園サッカー場 | EZ27: 31.2 | FA27: 37 | FB27: 朝宮公園陸上競技場 | FC27: 38.5 | FD27: 43 | FE27: 名城大学日進グラウンド | FF27: 38 | FG27: 40 | FH27: 愛知学院大学グラウンド | FI27: 32.3 | FJ27: 41
I28: 0 | J28: 0 | L28: 0 | AA28: セパタクロー | AB28: 名古屋市 | AC28: 311 | EO28: セパタクロー | EP28: 名古屋市 | EQ28: 311 | EV28: 名古屋市瑞穂公園体育館 | EW28: 24 | EX28: 29 | EY28: 北名古屋市健康ドーム | EZ28: 29.7 | FA28: 31 | FB28: ー | FE28: ー | FH28: ー
I29: 0 | J29: 0 | L29: 0 | AA29: スポーツクライミング | AB29: 名古屋市 | AC29: 144 | EO29: スポーツクライミング | EP29: 名古屋市 | EQ29: 144 | EV29: 名古屋市国際展示場［ポートメッセなごや］ | EW29: 1 | EX29: 2 | EY29: 競技会場に設置 | EZ29: 1 | FA29: 2 | FB29: ー | FE29: ー | FH29: ー
I30: 0 | J30: 0 | L30: 0 | AA30: スカッシュ | AB30: 名古屋市 | AC30: 104 | EO30: スカッシュ | EP30: 名古屋市 | EQ30: 104 | EV30: 名古屋市金城ふ頭アリーナ | EW30: 1 | EX30: 2 | EY30: 競技会場に設置 | EZ30: 1 | FA30: 2 | FB30: ー | FE30: ー | FH30: ー
I31: 0 | J31: 0 | L31: 0 | AA31: テニス | AB31: 名古屋市 | AC31: 261 | EO31: テニス | EP31: 名古屋市 | EQ31: 261 | EV31: 名古屋市東山公園テニスセンター | EW31: 26 | EX31: 28 | EY31: 競技会場に設置 | EZ31: 26 | FA31: 28 | FB31: ー | FE31: ー | FH31: ー
G32: 0 | H32: 0 | I32: 0 | J32: 0 | L32: 0 | M32: 0 | N32: 0 | O32: 0 | P32: 0 | Q32: 0 | R32: 0 | S32: 0 | AA32: ウェイトリフティング | AB32: 名古屋市 | AC32: 212 | EO32: ウェイトリフティング | EP32: 名古屋市 | EQ32: 212 | EV32: 名古屋市中小企業振興会館 | EW32: 28 | EX32: 26 | EY32: 競技会場に設置 | EZ32: 28 | FA32: 26 | FB32: ー | FE32: ー | FH32: ー
G33: 0 | H33: 0 | I33: 0 | J33: 0 | L33: 0 | M33: 0 | N33: 0 | O33: 0 | P33: 0 | Q33: 0 | R33: 0 | S33: 0 | AA33: レスリング | AB33: 名古屋市 | AC33: 371 | EO33: レスリング | EP33: 名古屋市 | EQ33: 371 | EV33: 稲永スポーツセンター | EW33: 5 | EX33: 8 | EY33: 愛知県体育館 | EZ33: 24.4 | FA33: 30 | FB33: ー | FE33: ー | FH33: ー
G34: 0 | H34: 0 | I34: 0 | J34: 0 | L34: 0 | M34: 0 | N34: 0 | O34: 0 | P34: 0 | Q34: 0 | R34: 0 | S34: 0 | AA34: 武術太極拳 | AB34: 名古屋市 | AC34: 260 | EO34: 武術太極拳 | EP34: 名古屋市 | EQ34: 260 | EV34: 愛知県武道館 | EW34: 11 | EX34: 19 | EY34: 親水公園総合体育館 | EZ34: 25.9 | FA34: 35 | FB34: ー | FE34: ー | FH34: ー
G35: 0 | H35: 0 | I35: 0 | J35: 0 | L35: 0 | M35: 0 | N35: 0 | O35: 0 | P35: 0 | Q35: 0 | R35: 0 | S35: 0 | AA35: 総合格闘技 | AB35: 名古屋市 | AC35: 90 | BY35: あまり | BZ35: 部屋 | CN35: 0 | CO35: 780 | CP35: 500 | CQ35: 460 | CR35: 460 | CS35: 340 | CT35: 340 | CU35: 190 | CV35: 80 | CW35: 0 | CX35: 0 | CY35: 0 | CZ35: 0 | DA35: 110 | DB35: 180 | DC35: 180 | DD35: 450 | DE35: 450 | DF35: 450 | DG35: 500 | DH35: 1370 | DI35: 0 | EO35: 総合格闘技 | EP35: 知多市 | EQ35: 90 | EV35: 新舞子マリンパーク | EW35: 20.2 | EX35: 23 | EY35: 南陽プール | EZ35: 9 | FA35: 15 | FB35: ー | FE35: ー | FH35: ー
C36: ガーデンふ頭 | D36: 2 | F36: 移動式宿泊施設 | H36: 1300 | J36: 1600 | K36: #N/A | L36: 1682 | M36: 調査中 | N36: 調査中 | O36: 0 | P36: 調査中 | Q36: 調査中 | R36: 調査中 | S36: 調査中 | T36: 調査中 | U36: ○ | V36: 全棟 | AA36: 水球（女子） | AB36: 名古屋市 | AC36: 135 | AD36: =SUM(AC36:AC49) -> 2530 | AE36: 有 | AG36: =FP36 -> 0 | AH36: =FQ36 -> 0 | AI36: =FR36 -> 0 | AP36: =FS36 -> 0 | AQ36: =FT36 -> 0 | AR36: =FU36 -> 1050.8857 | AS36: ー | AT36: ー | AU36: ー | AV36: 26000 | AW36: 48000 | AX36: =GA36 -> 0 | AY36: =GB36 -> 0 | AZ36: =GC36 -> 0 | BA36: =GD36 -> 0 | BB36: =AI36*DM36 -> 0 | BC36: =AH36*DM36 -> 0 | BD36: =AK36*DM36*0.6 -> 0 | BF36: =AM36*DM36*0.4 -> 0 | BI36: =GJ36 -> 0 | BJ36: =GK36 -> 0 | BK36: =BM36*5000*BX36 -> 0 | BL36: =1800000*BN36*BX36 -> 0 | BM36: =GP36 -> 0 | BN36: =GQ36 -> 0 | BP36: =SUM(AZ36,BA36,BI36,BO36) -> 0 | BQ36: =BP36-GR36 -> 0 | BV36: =IFERROR(INDEX($BY$9:$DH$9, MATCH("準備", BY36:DK36, 0)), "") -> 46265 | BW36: {=IF(COUNTIF(BY36:DK36,"*撤去*")=0,"",INDEX(BY$9:DK$9,1,MAX(IF(CC36:DK36="撤去",COLUMN(CC36:DK36)-COLUMN(BY36)+1))))} -> 46302 | BX36: =BW36-BV36 -> 37 | BY36: 準備 | BZ36: 準備 | CA36: 300 | CB36: 300 | CC36: 300 | CD36: 300 | CE36: 300 | CF36: 732 | CG36: 732 | CH36: 732 | CI36: 732 | CJ36: 876 | CK36: 1020 | CL36: 1416 | CM36: 1416 | CN36: 1416 | CO36: 1551 | CP36: 1551 | CQ36: 1551 | CR36: 1551 | CS36: 1551 | CT36: 1776 | CU36: 1668 | CV36: 1920 | CW36: 1658 | CX36: 1658 | CY36: 1523 | CZ36: 1442 | DA36: 1270 | DB36: 1234 | DC36: 1208 | DD36: 1208 | DE36: 1208 | DF36: 1028 | DG36: 1028 | DH36: 300 | DI36: 300 | DJ36: 撤去 | DK36: 0 | DM36: {=SUM(IF(ISNUMBER($BY36:$DK36),$BY36:$DK36, 0))} -> 38756 | EO36: 水球（女子） | EP36: 名古屋市 | EQ36: 135 | ER36: 2410 | ES36: #N/A | ET36: #N/A | EU36: #N/A | EV36: 名古屋市総合体育館［レインボープール］ | EW36: 6 | EX36: 15 | EY36: 口論義運動公園プール | EZ36: 30.5 | FA36: 44 | FB36: 春日井市温水プール | FC36: 27.5 | FD36: 35 | FE36: ー | FH36: ー | FK36: -476 | FL36: -0.36615385 | FM36: 移動式宿泊施設 合計 | FU36: 1050.8857 | GW36: 46265 | GX36: 46302 | GY36: 37 | GZ36: 準備 | HA36: 準備 | HB36: 300 | HC36: 300 | HD36: 300 | HE36: 300 | HF36: 300 | HG36: 732 | HH36: 732 | HI36: 732 | HJ36: 876 | HK36: 1020 | HL36: 1020 | HM36: 1416 | HN36: 1416 | HO36: 1682 | HP36: 1682 | HQ36: 1682 | HR36: 1682 | HS36: 1682 | HT36: 1682 | HU36: 1610 | HV36: 1430 | HW36: 1358 | HX36: 1538 | HY36: 1407 | HZ36: 1371 | IA36: 1335 | IB36: 1028 | IC36: 1028 | ID36: 1028 | IE36: 1028 | IF36: 1028 | IG36: 1028 | IH36: 1028 | II36: 300 | IJ36: 300 | IK36: 撤去 | IL36: 0 | IN36: {=SUM(IF(ISNUMBER($HD36:$IL36),$HD36:$IL36, 0))} -> 36781 | KY36: {=SUM(IF(ISNUMBER($HD36:$IL36),$HD36:$IL36, 0))} -> 36781
I37: 0 | J37: 0 | L37: 0 | AA37: 水球（男子） | AB37: 名古屋市 | AC37: 180 | EO37: 水球（男子） | EP37: 名古屋市 | EQ37: 180 | EV37: 名古屋市総合体育館［レインボープール］ | EW37: 37.6 | EX37: 40 | EY37: 口論義運動公園プール | EZ37: 38 | FA37: 40 | FB37: 春日井市温水プール | FE37: ー | FH37: ー
I38: 0 | J38: 0 | L38: 0 | AA38: バスケットボール（５×５／男子） | AB38: 名古屋市 | AC38: 216 | EO38: バスケットボール（５×５／男子） | EP38: 名古屋市 | EQ38: 216 | EV38: 愛知県新体育館［愛知国際アリーナ］ | EW38: 13 | EX38: 24 | EY38: ウィングアリーナ刈谷 | EZ38: 22 | FA38: 31 | FB38: 知立市福祉体育館 | FC38: 22 | FD38: 30 | FE38: ー | FH38: ー
AA39: バスケットボール（５×５／女子） | AB39: 名古屋市 | AC39: 216 | EO39: バスケットボール（５×５／女子） | EP39: 名古屋市 | EQ39: 216 | EV39: 愛知県新体育館［愛知国際アリーナ］ | EW39: 13 | EX39: 24 | EY39: ウィングアリーナ刈谷 | EZ39: 22 | FA39: 31 | FB39: 知立市福祉体育館 | FC39: 22 | FD39: 30 | FE39: ー | FH39: ー
I40: 0 | J40: 0 | L40: 0 | AA40: サッカー（男子／女子／港） | AB40: 名古屋市 | AC40: 288 | EO40: サッカー（男子／女子／港） | EP40: 名古屋市 | EQ40: 288 | EV40: 名古屋市港サッカー場 | EW40: 8 | EX40: 16 | EY40: 東員町スポーツ公園陸上競技場（三重） | EZ40: 38.8 | FA40: 41 | FB40: 半田陸上競技場（愛知） | FC40: 29.7 | FD40: 35 | FE40: 阿久比陸上競技場（愛知） | FF40: 25.4 | FG40: 34 | FH40: ー
I41: 0 | J41: 0 | L41: 0 | AA41: 柔術 | AB41: 名古屋市 | AC41: 260 | EO41: 柔術 | EP41: 名古屋市 | EQ41: 260 | EV41: 愛知県武道館 | EW41: 5.5 | EX41: 15 | EY41: 親水公園総合体育館 | EZ41: 24.6 | FA41: 40 | FB41: ー | FE41: ー | FH41: ー
AA42: クリケット（男子） | AB42: 日進市 | AC42: 180
I43: 0 | J43: 0 | L43: 0 | AA43: 近代五種 | AB43: 安城市 | AC43: 108 | EO43: 近代五種 | EP43: 安城市 | EQ43: 108 | EV43: 安城市総合運動公園陸上競技場他 | EW43: 37.6 | EX43: 40 | EY43: 競技会場に設置 | EZ43: 38 | FA43: 40 | FB43: ー | FE43: ー | FH43: ー
I44: 0 | J44: 0 | L44: 0 | AA44: 配宿無し | EO44: ソフトテニス | EP44: 名古屋市 | EQ44: 131 | EV44: 名古屋市東山公園テニスセンター | EW44: 20.2 | EX44: 31 | EY44: 競技会場に設置 | EZ44: 20.2 | FA44: 31 | FB44: ー | FE44: ー | FH44: ー
I45: 0 | J45: 0 | L45: 0 | O45: 0 | AA45: バレーボール（男子） | AB45: 岡崎市／小牧市 | AC45: 288 | EO45: バレーボール（男子） | EP45: 岡崎市／小牧市 | EQ45: 288 | EV45: 岡崎市中央総合公園総合体育館 | EW45: 48 | EX45: 45 | EY45: 愛知県農協体育館 | EZ45: 49.1 | FA45: 55 | FB45: トヨタスポーツセンター第二体育館 | FC45: 49.1 | FD45: 50 | FE45: ー | FH45: ー
I46: 0 | J46: 0 | L46: 0 | O46: 0 | AA46: バレーボール（女子） | AB46: 岡崎市／小牧市 | AC46: 288 | EO46: バレーボール（女子） | EP46: 岡崎市／小牧市 | EQ46: 288 | EV46: 小牧市スポーツ公園総合体育館 | EW46: 28 | EX46: 36 | EY46: 江南市民スポーツセンター | EZ46: 34.1 | FA46: 45 | FB46: 犬山市体育館 | FC46: 34.8 | FD46: 45 | FE46: ー | FH46: ー
AA47: 自転車競技（マウンテンバイク） | AB47: 名古屋市 | AC47: 45
AA48: 自転車競技（BMXレース） | AB48: 名古屋市 | AC48: 26
AA49: NOC本部スタッフ | AB49: 0 | AC49: 300 | BY49: あまり | BZ49: 部屋 | CA49: 290 | CB49: 290 | CC49: 290 | CD49: 290 | CE49: 290 | CF49: 190 | CG49: 190 | CH49: 190 | CI49: 190 | CJ49: 160 | CK49: 130 | CL49: 50 | CM49: 50 | CN49: 20 | CO49: 20 | CP49: 20 | CQ49: 20 | CR49: 20 | CS49: 20 | CT49: 0 | CU49: 0 | CV49: 30 | CW49: 0 | CX49: 0 | CY49: 0 | CZ49: 15 | DA49: 80 | DB49: 90 | DC49: 90 | DD49: 90 | DE49: 90 | DF49: 90 | DG49: 130 | DH49: 290 | DI49: 290 | DJ49: 0 | DK49: 0 | EO49: NOC本部スタッフ | EP49: 0 | EQ49: 300
C50: 名古屋市 | D50: 3 | E50: 121 | F50: 名古屋東急ホテル | G50: 565 | H50: 776 | I50: 246 | J50: 349 | K50: 0121_名古屋東急ホテル | L50: 315 | M50: 15 | N50: － | O50: 宿泊施設 | P50: 116 | Q50: ○ | R50: ○(ｼﾞﾑ内等) | S50: － | T50: 玄関前（屋根付）2台 | U50: ○ | V50: 全棟 | X50: ◎ | Y50: ◎ | AA50: バドミントン | AB50: 一宮市 | AC50: 402 | AD50: =SUM(AC50,AC51) -> 402 | AE50: 無 | AF50: 見積取得済 | AG50: ='[1]0121_名古屋東急 別紙1-1'!M29 -> 10221200 | AH50: =FQ50 -> 0 | AI50: =FR50 -> 4100 | AJ50: 0.986 | AK50: =ROUNDUP(28250*1.1,0) -> 31075 | AL50: 0.83 | AM50: =ROUNDUP(28250*1.1,0) -> 31075 | AN50: 不要 | AO50: =5650*1.1 -> 6215 | AP50: ='[1]0121_名古屋東急 別紙1-1'!K27 -> 246 | AQ50: ='[1]0121_名古屋東急 別紙1-1'!AF27 -> 349 | AR50: =DM50/(BX50-2) -> 375.2 | AS50: =AG50/AR50 -> 27242.004 | AT50: =AG50/AP50 -> 41549.593 | AU50: =AG50/AQ50 -> 29287.106 | AV50: 26000 | AW50: 48000 | AX50: ='[1]0121_名古屋東急 別紙1-2'!N23 -> 5004472 | AY50: =GB50 -> 6 | AZ50: ='[1]0121_名古屋東急 別紙1-1'!C31 -> 173760400 | BA50: ='[1]0121_名古屋東急 別紙1-2'!O21 -> 86991344 | BC50: =AH50*DM50 -> 0 | BD50: 1.025475e+08 | BF50: 68986500 | BG50: 68986500 | BH50: 11466675 | BI50: =GJ50 -> 0 | BJ50: =GK50 -> 0 | BK50: =BM50*5000*BX50 -> 170000 | BL50: =1800000*BN50*BX50 -> 520200000 | BM50: =GP50 -> 2 | BN50: =GQ50 -> 17 | BP50: =SUM(AZ50,BA50,BI50,BO50,BB50) -> 260751744 | BQ50: =BP50-GR50 -> -19372500 | BS50: =GT50 -> 無 | BT50: =GU50 -> 46279 | BU50: =GV50 -> 46296 | BV50: =IFERROR(INDEX($BY$9:$DK$9, MATCH("準備", BY50:DK50, 0)), "") -> 46279 | BW50: {=IF(COUNTIF(BY50:DK50,"*撤去*")=0,"",INDEX(BY$9:DK$9,1,MAX(IF(CC50:DK50="撤去",COLUMN(CC50:DK50)-COLUMN(BY50)+1))))} -> 46296 | BX50: =BW50-BV50 -> 17 | BY50: 0 | BZ50: 0 | CA50: 0 | CB50: 0 | CC50: 0 | CD50: 0 | CE50: 0 | CF50: 0 | CG50: 0 | CH50: 0 | CI50: 0 | CJ50: 0 | CK50: 0 | CL50: 0 | CM50: 準備 | CN50: 準備 | CO50: 402 | CP50: 402 | CQ50: 402 | CR50: 402 | CS50: 402 | CT50: 402 | CU50: 402 | CV50: 402 | CW50: 402 | CX50: 402 | CY50: 402 | CZ50: 402 | DA50: 402 | DB50: 402 | DC50: 0 | DD50: 撤去 | DE50: 0 | DF50: 0 | DG50: 0 | DH50: 0 | DI50: 0 | DJ50: 0 | DK50: 0 | DM50: {=SUM(IF(ISNUMBER($BY50:$DK50),$BY50:$DK50, 0))} -> 5628 | DN50: 4410 | DO50: =DM50*(BX50)/(BX50+1) -> 5315.3333 | DQ50: バドミントン | DR50: 一宮市 | DS50: 315 | DT50: =SUM(DS50,DS51) -> 315 | DU50: 10221200 | DV50: 5004472 | DW50: 173760400 | DX50: 86991344 | DY50: 19372500 | DZ50: 88097625 | EA50: 58731750 | EB50: 8809762.5 | EC50: 0 | ED50: 0 | EE50: 170000 | EF50: 520200000 | EH50: 280124244 | EI50: 46279 | EJ50: 46296 | EK50: 46279 | EL50: 46296 | EM50: 17 | EO50: バドミントン | EP50: 一宮市 | EQ50: 315 | ER50: 315 | ES50: 264 | ET50: 264 | EV50: 一宮市総合体育館 | EW50: 36 | EX50: 39 | EY50: 競技会場に設置 | EZ50: 36 | FA50: 39 | FB50: ー | FE50: ー | FH50: ー | FK50: 461 | FL50: 0.59407216 | FM50: 名古屋東急ホテル 合計 | FN50: 契約済 | FO50: 見積取得済 | FP50: 10221200 | FQ50: 0 | FR50: 4100 | FS50: 246 | FT50: 349 | FU50: 315 | FV50: 32448.254 | FW50: 41549.593 | FX50: 29287.106 | FY50: 26000 | FZ50: 48000 | GA50: 5004472 | GB50: 6 | GC50: 173760400 | GD50: 86991344 | GE50: 173760400 | GF50: 86991344 | GG50: 0 | GH50: 0 | GI50: 19372500 | GM50: 0 | GN50: 170000 | GO50: 520200000 | GP50: 2 | GQ50: 17 | GR50: 280124244 | GS50: -260751744 | GT50: 無 | GU50: 46279 | GV50: 46296 | GW50: 46279 | GX50: 46296 | GY50: 17 | HD50: 0 | HE50: 0 | HF50: 0 | HG50: 0 | HH50: 0 | HI50: 0 | HJ50: 0 | HK50: 0 | HL50: 0 | HM50: 0 | HN50: 準備 | HO50: 準備 | HP50: 315 | HQ50: 315 | HR50: 315 | HS50: 315 | HT50: 315 | HU50: 315 | HV50: 315 | HW50: 315 | HX50: 315 | HY50: 315 | HZ50: 315 | IA50: 315 | IB50: 315 | IC50: 315 | ID50: 315 | IE50: 撤去 | IF50: 0 | IG50: 0 | IH50: 0 | II50: 0 | IJ50: 0 | IK50: 0 | IL50: 0 | IN50: {=SUM(IF(ISNUMBER($HD50:$IL50),$HD50:$IL50, 0))} -> 4725 | IR50: 0 | IX50: 0 | IZ50: 0 | JA50: 0 | JG50: 10221200 | JH50: 4975872 | KY50: {=SUM(IF(ISNUMBER($JO50:$KW50),$JO50:$KW50, 0))} -> 0
G51: 0 | H51: 0 | I51: 0 | J51: 0 | L51: 0 | M51: 0 | N51: 0 | O51: ※実施方法検討中 | P51: 0 | Q51: 0 | R51: 0 | S51: 0 | T51: 0 | BV51: =IFERROR(INDEX($HD$9:$II$9, MATCH("準備", CC51:DK51, 0)), "") | BW51: {=IF(COUNTIF(CC51:DK51,"*撤去*")=0,"",INDEX(CC$9:DK$9,1,MAX(IF(CC51:DK51="撤去",COLUMN(CC51:DK51)-COLUMN(CC51)+1))))} | BY51: あまり | BZ51: 部屋 | EV51: 一宮市総合体育館 | EW51: 35.6 | EX51: 39 | EY51: 競技会場に設置 | EZ51: 35.6 | FA51: 39 | FB51: ー | FE51: ー | FH51: ー
D52: 4 | E52: 24 | F52: ホテルメルパルク名古屋 | G52: 243 | H52: 322 | I52: 243 | J52: 330 | K52: 0024_ホテルメルパルク名古屋 | L52: 288 | M52: 16 | N52: 低 | O52: 宿泊施設 | P52: 122 | Q52: － | R52: － | S52: － | T52: 玄関前（屋根付）3台 | U52: ○ | V52: 全棟 | X52: ◎ | Y52: ◎ | Z52: ◎ | AA52: サッカー（男子／女子／瑞穂） | AB52: 名古屋市 | AC52: 144 | AD52: =SUM(AC52,AC53) -> 288 | AE52: 有 | AF52: 見積取得済 | AG52: ='[1]0024_ホテルメルパルク名古屋 別紙1-1'!M25 -> 6675240 | AH52: =FQ52 -> 2640 | AI52: =FR52 -> 1460 | AJ52: 0.986 | AK52: =$AK$4 -> 26106 | AL52: 0.83 | AM52: =$AM$4 -> 24690 | AN52: 要 | AO52: =$AO$4 -> 2373 | AP52: ='[1]0024_ホテルメルパルク名古屋 別紙1-1'!K23 -> 243 | AQ52: ='[1]0024_ホテルメルパルク名古屋 別紙1-1'!AF23 -> 330 | AR52: =DM52/(BX52-2) -> 227.25 | AS52: =AG52/AR52 -> 29373.993 | AT52: =AG52/AP52 -> 27470.123 | AU52: =AG52/AQ52 -> 20228 | AV52: 26000 | AW52: 48000 | AX52: ='[1]0024_ホテルメルパルク名古屋 別紙1-2'!N41 -> 14982660 | AY52: =GB52 -> 15 | AZ52: =AG52*BX52 -> 1.2015432e+08 | BA52: ='[1]0024_ホテルメルパルク名古屋 別紙1-2'!O39 -> 3.1176227e+08 | BB52: =AI52*DM52 -> 5308560 | BC52: =AH52*DM52 -> 9599040 | BD52: =AK52*DM52*0.6 -> 56952850 | BE52: =BD52-21000*DM52*0.6 -> 11139250 | BF52: =AM52*DM52*0.4 -> 35909136 | BG52: =BF52-0 -> 35909136 | BH52: =AO52*DM52*0.3 -> 2588468.4 | BI52: =GJ52 -> 0 | BJ52: =GK52 -> 4240456 | BK52: =BM52*5000*BX52 -> 450000 | BL52: =1800000*BN52*BX52 -> 32400000 | BM52: =GP52 -> 5 | BN52: =GQ52 -> 1 | BO52: =AX52*2 -> 29965320 | BP52: =SUM(AZ52,BA52,BI52,BO52) -> 4.6188191e+08 | BQ52: =BP52-GR52 -> 32658120 | BR52: サッカーの日程変更 | BS52: 有 | BT52: =GU52 -> 46275 | BU52: =GV52 -> 46293 | BV52: =IFERROR(INDEX($BY$9:$DH$9, MATCH("準備", BY52:DK52, 0)), "") -> 46275 | BW52: {=IF(COUNTIF(BY52:DK52,"*撤去*")=0,"",INDEX(BY$9:DK$9,1,MAX(IF(CC52:DK52="撤去",COLUMN(CC52:DK52)-COLUMN(BY52)+1))))} -> 46293 | BX52: =BW52-BV52 -> 18 | BY52: 0 | BZ52: 0 | CA52: 0 | CB52: 0 | CC52: 0 | CD52: 0 | CE52: 0 | CF52: 0 | CG52: 0 | CH52: 0 | CI52: 準備 | CJ52: 準備 | CK52: 144 | CL52: 288 | CM52: 288 | CN52: 288 | CO52: 288 | CP52: 288 | CQ52: 288 | CR52: 288 | CS52: 288 | CT52: 288 | CU52: 288 | CV52: 216 | CW52: 144 | CX52: 144 | CY52: 108 | CZ52: 0 | DA52: 撤去 | DB52: 0 | DC52: 0 | DD52: 0 | DE52: 0 | DF52: 0 | DG52: 0 | DH52: 0 | DI52: 0 | DJ52: 0 | DK52: 0 | DM52: {=SUM(IF(ISNUMBER($BY52:$DK52),$BY52:$DK52, 0))} -> 3636 | DO52: =DM52*(BX52)/(BX52+1) -> 3444.6316 | DQ52: サッカー（男子／女子／瑞穂） | DR52: 名古屋市 | DS52: 144 | DT52: =SUM(DS52,DS53) -> 288 | DU52: 6675240 | DV52: 14982660 | DW52: 1.2015432e+08 | DX52: 3.1176227e+08 | DY52: 5466240 | DZ52: 58644518 | EA52: 36975744 | EB52: 2665353.6 | EC52: 0 | ED52: 4240456 | EE52: 450000 | EF52: 32400000 | EG52: 29965320 | EH52: 4.6188191e+08 | EI52: 46275 | EJ52: 46293 | EK52: 46275 | EL52: 46293 | EM52: 18 | EO52: サッカー（男子／女子／瑞穂） | EP52: 名古屋市 | EQ52: 144 | ER52: 288 | ES52: 288 | ET52: 288 | EU52: 166 | EV52: 名古屋市瑞穂公園ラグビー場 | EW52: 7 | EX52: 8 | EY52: 豊田運動公園陸上競技場（愛知） | EZ52: 34.7 | FA52: 37 | FB52: 豊田運動公園球技場（愛知） | FC52: 33.7 | FD52: 36 | FE52: トヨタスポーツセンター陸上競技場（愛知） | FF52: 28.1 | FG52: 32 | FH52: ー | FK52: 58 | FL52: 0.18012422 | FM52: ホテルメルパルク名古屋 合計 | FN52: 契約済 | FO52: 見積取得済 | FP52: 6675240 | FQ52: 2640 | FR52: 1460 | FS52: 243 | FT52: 330 | FU52: 247.76471 | FV52: 26941.852 | FW52: 27470.123 | FX52: 20228 | FY52: 17400 | FZ52: 58000 | GA52: 14982660 | GB52: 15 | GC52: 1.1746152e+08 | GD52: 3.1176227e+08 | GE52: 1.2413676e+08 | GF52: 295476027 | GG52: 6675240 | GH52: -16286242 | GI52: 3689712 | GK52: 4240456 | GL52: 4240456 | GM52: 0 | GN52: 350000 | GO52: 34200000 | GP52: 5 | GQ52: 1 | GR52: 4.2922379e+08 | GS52: -2.8907384e+08 | GT52: 有 | GU52: 46275 | GV52: 46293 | GW52: 46273 | GX52: 46292 | GY52: 19 | HD52: 0 | HE52: 0 | HF52: 0 | HG52: 0 | HH52: 準備 | HI52: 準備 | HJ52: 288 | HK52: 288 | HL52: 288 | HM52: 288 | HN52: 288 | HO52: 288 | HP52: 288 | HQ52: 288 | HR52: 288 | HS52: 288 | HT52: 288 | HU52: 288 | HV52: 216 | HW52: 144 | HX52: 144 | HY52: 144 | HZ52: 108 | IA52: 撤去 | IB52: 0 | IC52: 0 | ID52: 0 | IE52: 0 | IF52: 0 | IG52: 0 | IH52: 0 | II52: 0 | IJ52: 0 | IK52: 0 | IL52: 0 | IN52: {=SUM(IF(ISNUMBER($HD52:$IL52),$HD52:$IL52, 0))} -> 4212 | IR52: =VLOOKUP($E52,[1]アジアResults1031!$A$1:$CH$259,23,FALSE) -> 3105146 | IS52: =VLOOKUP($E52,[1]アジアResults1031!$A$1:$CH$259,32,FALSE) -> 134 | IT52: =KY52/(GY52-2) -> 185.52941 | IU52: =IR52/IT52 -> 16736.678 | IV52: =VLOOKUP(E52,[1]アジアResults1031!$A$1:$CH$264,26,FALSE) -> 14236 | IW52: =VLOOKUP(E52,[1]アジアResults1031!$A$1:$CH$264,27,FALSE) -> 30000 | IX52: =VLOOKUP($E52,[1]アジアResults1031!$A$1:$CH$259,18,FALSE) -> 3568661 | IY52: =VLOOKUP($E52,[1]アジアResults1031!$A$1:$CH$259,9,FALSE) -> 4 | IZ52: =IR52*JF52 -> 65208066 | JA52: =IX52*JF52 -> 74941881 | JD52: =IFERROR(INDEX($JO$9:$KW$9, MATCH("準備", JO52:KW52, 0)), "") -> 46279 | JE52: {=IF(COUNTIF(JO52:KW52,"*撤去*")=0,"",INDEX(JO$9:KW$9,1,MAX(IF(JO52:KW52="撤去",COLUMN(JO52:KW52)-COLUMN(JO52)+1))))} -> 46300 | JF52: =JE52-JD52 -> 21 | JG52: 5574265 | JH52: 3568661 | JY52: 準備 | JZ52: 準備 | KA52: 166 | KB52: 166 | KC52: 166 | KD52: 166 | KE52: 166 | KF52: 166 | KG52: 166 | KH52: 166 | KI52: 166 | KJ52: 166 | KK52: 166 | KL52: 166 | KM52: 166 | KN52: 166 | KO52: 166 | KP52: 166 | KQ52: 166 | KR52: 166 | KS52: 166 | KT52: 撤去 | KY52: {=SUM(IF(ISNUMBER($JO52:$KW52),$JO52:$KW52, 0))} -> 3154
G53: 0 | H53: 0 | I53: 0 | J53: 0 | L53: 0 | M53: 0 | N53: 0 | O53: ※実施方法検討中 | P53: 0 | Q53: 0 | R53: 0 | S53: 0 | T53: 0 | AA53: サッカー（男子／刈谷） | AB53: 刈谷市 | AC53: 144 | BV53: =IFERROR(INDEX($HD$9:$II$9, MATCH("準備", CC53:DK53, 0)), "") | BW53: {=IF(COUNTIF(CC53:DK53,"*撤去*")=0,"",INDEX(CC$9:DK$9,1,MAX(IF(CC53:DK53="撤去",COLUMN(CC53:DK53)-COLUMN(CC53)+1))))} | BY53: あまり | BZ53: 部屋 | DQ53: サッカー（男子／刈谷） | DR53: 刈谷市 | DS53: 144 | EO53: サッカー（男子／刈谷） | EP53: 刈谷市 | EQ53: 144 | ES53: #N/A | EV53: ウェーブスタジアム刈谷 | EW53: 25.1 | EX53: 24 | EY53: 豊田運動公園陸上競技場（愛知） | EZ53: 35 | FA53: 37 | FB53: 豊田運動公園球技場（愛知） | FC53: 34 | FD53: 36 | FE53: トヨタスポーツセンター陸上競技場（愛知） | FF53: 28 | FG53: 32 | FH53: ー
D54: 5 | E54: 159 | F54: ホテルJALシティ名古屋 錦 | G54: 216 | H54: 333 | I54: 216 | J54: 333 | K54: 173760400 | L54: 0 | M54: 中 | N54: 宿泊施設 | O54: 95 | P54: － | Q54: － | R54: － | S54: 路上1台 | T54: ○ | U54: フロア | X54: ◎ | AA54: ゴルフ | AB54: 春日井市 | AC54: 191 | AD54: =SUM(AC54,AC55) -> 339 | AE54: 有 | AF54: 見積依頼中 | AG54: ='[1]0159_JALシティ錦 別紙1-1'!M60 -> 9004800 | AH54: 2400 | AI54: =4100-AH54 -> 1700 | AJ54: 0.986 | AK54: =$AK$4 -> 26106 | AL54: 0.83 | AM54: =$AM$4 -> 24690 | AN54: 要 | AO54: =$AO$4 -> 2373 | AP54: 179 | AQ54: 333 | AR54: =DM54/(BX54-2) -> 143 | AS54: =AG54/AR54 -> 62970.629 | AT54: =AG54/AP54 -> 50306.145 | AU54: =AG54/AQ54 -> 27041.441 | AV54: 26000 | AW54: 48000 | AY54: =GB54 -> 0 | AZ54: ='[1]0159_JALシティ錦 別紙1-1'!C31 -> 195268800 | BA54: 0 | BB54: =AI54*DM54 -> 4862000 | BC54: =AH54*DM54 -> 6864000 | BD54: =AK54*DM54*0.6 -> 44797896 | BE54: =BD54-21000*DM54*0.6 -> 8761896 | BF54: =AM54*DM54*0.4 -> 28245360 | BG54: =BF54-0 -> 28245360 | BH54: =AO54*DM54*0.3 -> 2036034 | BI54: =GJ54 -> 0 | BJ54: =GK54 -> 0 | BK54: =BM54*5000*BX54 -> 550000 | BL54: =1800000*BN54*BX54 -> 0 | BM54: 5 | BN54: =GQ54 -> 0 | BP54: =SUM(AZ54,BA54,BI54,BO54) -> 195268800 | BQ54: =BP54-GR54 -> 195268800 | BS54: 無 | BT54: ='[1]0159_JALシティ錦 別紙1-1'!B8 -> 46278 | BU54: ='[1]0159_JALシティ錦 別紙1-1'!G26 -> 46300 | BV54: =IFERROR(INDEX($BY$9:$DH$9, MATCH("準備", BY54:DK54, 0)), "") -> 46278 | BW54: {=IF(COUNTIF(BY54:DK54,"*撤去*")=0,"",INDEX(BY$9:DK$9,1,MAX(IF(CC54:DK54="撤去",COLUMN(CC54:DK54)-COLUMN(BY54)+1))))} -> 46300 | BX54: =BW54-BV54 -> 22 | BY54: 0 | BZ54: 0 | CA54: 0 | CB54: 0 | CC54: 0 | CD54: 0 | CE54: 0 | CF54: 0 | CG54: 0 | CH54: 0 | CI54: 0 | CJ54: 0 | CK54: 0 | CL54: 準備 | CM54: 準備 | CN54: 148 | CO54: 148 | CP54: 148 | CQ54: 148 | CR54: 148 | CS54: 148 | CT54: 148 | CU54: 148 | CV54: 148 | CW54: 0 | CX54: 0 | CY54: 0 | CZ54: 191 | DA54: 191 | DB54: 191 | DC54: 191 | DD54: 191 | DE54: 191 | DF54: 191 | DG54: 191 | DH54: 撤去 | DI54: 0 | DJ54: 0 | DK54: 0 | DM54: {=SUM(IF(ISNUMBER($BY54:$DK54),$BY54:$DK54, 0))} -> 2860 | DO54: =DM54*(BX54)/(BX54+1) -> 2735.6522 | DQ54: ゴルフ | DR54: 春日井市 | DS54: 171 | DT54: =SUM(DS54,DS55) -> 321 | DU54: 9004800 | DW54: 195268800 | DX54: 0 | DY54: 4875600 | DZ54: 44923205 | EA54: 28324368 | EB54: 2041729.2 | EC54: 0 | ED54: 0 | EE54: 550000 | EF54: 0 | EH54: 195268800 | EK54: 46278 | EL54: 46300 | EM54: 22
AA55: ソフトテニス | AB55: 名古屋市 | AC55: 148 | BY55: あまり | BZ55: 部屋 | DQ55: ソフトテニス | DR55: 名古屋市 | DS55: 150
D56: 6 | E56: 167 | F56: グリーンリッチホテル名古屋錦 | G56: 135 | H56: 153 | I56: 132 | J56: 150 | K56: 173760400 | L56: 0 | M56: － | N56: 宿泊施設 | O56: 50 | P56: － | Q56: － | R56: ○ | S56: 路上 | T56: ○ | U56: フロア | X56: ◎ | AA56: ゴルフ➁ | AB56: 春日井市 | AC56: 114 | AD56: =SUM(AC56,AC57) -> 114 | AE56: 有 | AF56: 見積依頼中 | AG56: ='[1]0167_グリーンリッチ 別紙1-1'!M26 -> 3698200 | AH56: 1650 | AI56: =4100-AH56 -> 2450 | AJ56: =AK56/AT56 -> 0.70672219 | AK56: =ROUNDUP(18000*1.1,0) -> 19800 | AL56: =AM56/AT56 -> 0.63212374 | AM56: =ROUNDUP(16100*1.1,0) -> 17710 | AN56: 要 | AO56: =1000*1.1 -> 1100 | AP56: 132 | AQ56: 150 | AR56: =DM56/(BX56-2) -> 114 | AS56: =AG56/AR56 -> 32440.351 | AT56: =AG56/AP56 -> 28016.667 | AU56: =AG56/AQ56 -> 24654.667 | AV56: 26000 | AW56: 48000 | AX56: 0 | AY56: =GB56 -> 0 | AZ56: ='[1]0167_グリーンリッチ 別紙1-1'!C28 -> 36307315 | BA56: =GD56 -> 0 | BB56: =AI56*DM56 -> 2234400 | BC56: =AH56*DM56 -> 1504800 | BD56: =AK56*DM56*0.6 -> 10834560 | BE56: =BD56-21000*DM56*0.6 -> -656640 | BF56: =AM56*DM56*0.4 -> 6460608 | BG56: =BF56-0 -> 6460608 | BH56: =AO56*DM56*0.3 -> 300960 | BI56: =GJ56 -> 0 | BJ56: =GK56 -> 0 | BK56: =BM56*5000*BX56 -> 250000 | BL56: =1800000*BN56*BX56 -> 0 | BM56: 5 | BN56: =GQ56 -> 0 | BP56: =SUM(AZ56,BA56,BI56,BO56) -> 36307315 | BQ56: =BP56-GR56 -> 36307315 | BS56: 無 | BT56: ='[1]0167_グリーンリッチ 別紙1-1'!B9 -> 45925 | BU56: ='[1]0167_グリーンリッチ 別紙1-1'!G9 -> 45935 | BV56: =IFERROR(INDEX($BY$9:$DH$9, MATCH("準備", BY56:DK56, 0)), "") -> 46290 | BW56: {=IF(COUNTIF(BY56:DK56,"*撤去*")=0,"",INDEX(BY$9:DK$9,1,MAX(IF(CC56:DK56="撤去",COLUMN(CC56:DK56)-COLUMN(BY56)+1))))} -> 46300 | BX56: =BW56-BV56 -> 10 | BY56: 0 | BZ56: 0 | CA56: 0 | CB56: 0 | CC56: 0 | CD56: 0 | CE56: 0 | CF56: 0 | CG56: 0 | CH56: 0 | CI56: 0 | CJ56: 0 | CK56: 0 | CL56: 0 | CM56: 0 | CN56: 0 | CO56: 0 | CP56: 0 | CQ56: 0 | CR56: 0 | CS56: 0 | CT56: 0 | CU56: 0 | CV56: 0 | CW56: 0 | CX56: 準備 | CY56: 準備 | CZ56: 114 | DA56: 114 | DB56: 114 | DC56: 114 | DD56: 114 | DE56: 114 | DF56: 114 | DG56: 114 | DH56: 撤去 | DI56: 0 | DJ56: 0 | DK56: 0 | DM56: {=SUM(IF(ISNUMBER($BY56:$DK56),$BY56:$DK56, 0))} -> 912 | DN56: 798 | DO56: =DM56*(BX56)/(BX56+1) -> 829.09091 | DQ56: ゴルフ➁ | DR56: 春日井市 | DS56: 114 | DT56: =SUM(DS56,DS57) -> 114 | DU56: 3698200 | DV56: 0 | DW56: 36307315 | DX56: 0 | DY56: 2234400 | DZ56: 10834560 | EA56: 6460608 | EB56: 300960 | EC56: 0 | ED56: 0 | EE56: 250000 | EF56: 0 | EH56: 36307315 | EK56: 46290 | EL56: 46300 | EM56: 10
BY57: あまり | BZ57: 部屋
D58: 7 | E58: 111 | F58: アパホテル<名古屋錦> EXCELLENT | G58: 250 | H58: 264 | I58: 234 | J58: 284 | K58: 0111_アパホテル<名古屋錦> EXCELLENT | L58: 205 | M58: 4 | N58: 調査中 | O58: 宿泊施設 | P58: 26 | Q58: ○ | R58: － | S58: ○ | T58: 路上1台 | U58: ○ | V58: 全棟 | X58: ◎ | Y58: ◎ | AA58: 卓球 | AB58: 豊田市 | AC58: 313 | AD58: =SUM(AC58,AC59) -> 313 | AE58: 無 | AF58: 見積取得済 | AG58: =FP58 -> 5114830.6 | AH58: =FQ58 -> 0 | AI58: =FR58 -> 4100 | AJ58: 0.986 | AK58: =$AK$4 -> 26106 | AL58: 0.83 | AM58: =$AM$4 -> 24690 | AN58: 要 | AO58: =$AO$4 -> 2373 | AP58: =FS58 -> 234 | AQ58: =FT58 -> 284 | AR58: =DM58/(BX58-2) -> 290.64286 | AS58: =AG58/AR58 -> 17598.336 | AT58: =AG58/AP58 -> 21858.25 | AU58: =AG58/AQ58 -> 18009.967 | AV58: 26000 | AW58: 48000 | AX58: =GA58 -> 1311757.9 | AY58: =GB58 -> 3 | AZ58: =GC58 -> 117641103 | BA58: =GD58 -> 30710818 | BB58: =AI58*DM58 -> 16682900 | BC58: =AH58*DM58 -> 0 | BD58: =AK58*DM58*0.6 -> 63735188 | BE58: =BD58-21000*DM58*0.6 -> 12465788 | BF58: =AM58*DM58*0.4 -> 40185444 | BG58: =BF58-0 -> 40185444 | BH58: =AO58*DM58*0.3 -> 2896721.1 | BI58: =GJ58 -> 0 | BJ58: =GK58 -> 0 | BK58: =BM58*5000*BX58 -> 240000 | BL58: =1800000*BN58*BX58 -> 288000000 | BM58: =GP58 -> 3 | BN58: =GQ58 -> 10 | BP58: =SUM(AZ58,BA58,BI58,BO58) -> 1.4835192e+08 | BQ58: =BP58-GR58 -> 0 | BS58: 無 | BT58: =GU58 -> 46277 | BU58: =GV58 -> 46300 | BV58: =IFERROR(INDEX($BY$9:$DH$9, MATCH("準備", BY58:DK58, 0)), "") -> 46279 | BW58: {=IF(COUNTIF(BY58:DK58,"*撤去*")=0,"",INDEX(BY$9:DK$9,1,MAX(IF(CC58:DK58="撤去",COLUMN(CC58:DK58)-COLUMN(BY58)+1))))} -> 46295 | BX58: =BW58-BV58 -> 16 | BY58: 0 | BZ58: 0 | CA58: 0 | CB58: 0 | CC58: 0 | CD58: 0 | CE58: 0 | CF58: 0 | CG58: 0 | CH58: 0 | CI58: 0 | CJ58: 0 | CK58: 0 | CL58: 0 | CM58: 準備 | CN58: 準備 | CO58: 313 | CP58: 313 | CQ58: 313 | CR58: 313 | CS58: 313 | CT58: 313 | CU58: 313 | CV58: 313 | CW58: 313 | CX58: 313 | CY58: 313 | CZ58: 313 | DA58: 313 | DB58: 0 | DC58: 撤去 | DD58: 0 | DE58: 0 | DF58: 0 | DG58: 0 | DH58: 0 | DI58: 0 | DJ58: 0 | DK58: 0 | DM58: {=SUM(IF(ISNUMBER($BY58:$DK58),$BY58:$DK58, 0))} -> 4069 | DO58: =DM58*(BX58)/(BX58+1) -> 3829.6471 | DQ58: ソフトボール | DR58: 安城市 | DS58: 204 | DT58: =SUM(DS58,DS59) -> 409 | DU58: 5114830.6 | DV58: 1311757.9 | DW58: 117641103 | DX58: 30710818 | DY58: 18441800 | DZ58: 70454873 | EA58: 44422248 | EB58: 3202126.2 | EC58: 0 | ED58: 0 | EE58: 345000 | EF58: 414000000 | EH58: 1.4835192e+08 | EI58: 46277 | EJ58: 46300 | EK58: 46277 | EL58: 46300 | EM58: 23 | EO58: ソフトボール | EP58: 安城市 | EQ58: 204 | ER58: 409 | ES58: 204 | ET58: 204 | EV58: 安城市総合公園ソフトボール場 | EW58: 36.2 | EX58: 42 | EY58: 競技会場に設置 | EZ58: 36.2 | FA58: 42 | FB58: ー | FE58: ー | FH58: ー | FK58: 60 | FL58: 0.22727273 | FM58: アパホテル<名古屋錦> EXCELLENT 合計 | FN58: 契約書提示中 | FO58: 見積取得済 | FP58: 5114830.6 | FQ58: 0 | FR58: 4100 | FS58: 234 | FT58: 284 | FU58: 204.42857 | FV58: 25020.136 | FW58: 21858.25 | FX58: 18009.967 | FY58: 19252 | FZ58: 38504 | GA58: 1311757.9 | GB58: 3 | GC58: 117641103 | GD58: 30710818 | GE58: 117641103 | GF58: 30710818 | GG58: 0 | GH58: 0 | GI58: 10560780 | GM58: 0 | GN58: 210000 | GO58: 414000000 | GP58: 3 | GQ58: 10 | GR58: 1.4835192e+08 | GS58: -1.4835192e+08 | GT58: 無 | GU58: 46277 | GV58: 46300 | GW58: 46277 | GX58: 46300 | GY58: 23 | HD58: 0 | HE58: 0 | HF58: 0 | HG58: 0 | HH58: 0 | HI58: 0 | HJ58: 0 | HK58: 0 | HL58: 準備 | HM58: 準備 | HN58: 205 | HO58: 205 | HP58: 205 | HQ58: 205 | HR58: 205 | HS58: 205 | HT58: 205 | HU58: 205 | HV58: 205 | HW58: 204 | HX58: 204 | HY58: 204 | HZ58: 204 | IA58: 204 | IB58: 204 | IC58: 204 | ID58: 204 | IE58: 204 | IF58: 204 | IG58: 204 | IH58: 204 | II58: 撤去 | IJ58: 0 | IK58: 0 | IL58: 0 | IN58: {=SUM(IF(ISNUMBER($HD58:$IL58),$HD58:$IL58, 0))} -> 4293 | IR58: 0 | IX58: 0 | IZ58: 0 | JA58: 0 | JG58: 6681406.6 | JH58: 253000 | KY58: {=SUM(IF(ISNUMBER($JO58:$KW58),$JO58:$KW58, 0))} -> 0
G59: 0 | H59: 0 | I59: 0 | J59: 0 | L59: 0 | M59: 0 | N59: 0 | P59: 0 | Q59: 0 | R59: 0 | S59: 0 | T59: 0 | BV59: =IFERROR(INDEX($HD$9:$II$9, MATCH("準備", CC59:DK59, 0)), "") | BW59: {=IF(COUNTIF(CC59:DK59,"*撤去*")=0,"",INDEX(CC$9:DK$9,1,MAX(IF(CC59:DK59="撤去",COLUMN(CC59:DK59)-COLUMN(CC59)+1))))} | BY59: あまり | BZ59: 部屋 | DQ59: クリケット（女子） | DR59: 日進市 | DS59: 205 | EO59: クリケット（女子） | EP59: 日進市 | EQ59: 205 | ES59: #N/A | EV59: － | EY59: － | FB59: － | FE59: － | FH59: －
D60: 8 | E60: 56 | F60: ストリングスホテル名古屋 | AA60: テニス① | AB60: 名古屋市 | AC60: 153 | AD60: =SUM(AC60,AC61) -> 153 | AG60: ='[1]0056_ストリングス名古屋 別紙1-1'!M25 -> 10840500 | AK60: =$AK$4 -> 26106 | AL60: 0.83 | AM60: =$AM$4 -> 24690 | AN60: 要 | AO60: =$AO$4 -> 2373 | AP60: ='[1]0056_ストリングス名古屋 別紙1-1'!K23 -> 93 | AQ60: ='[1]0056_ストリングス名古屋 別紙1-1'!AF23 -> 159 | AX60: ='[1]0056_ストリングス名古屋 別紙1-2'!N21 -> 1600225 | AY60: ='[1]0056_ストリングス名古屋 別紙1-2'!I18 -> 1 | AZ60: ='[1]0056_ストリングス名古屋 別紙1-1'!C27 -> 214711200 | BA60: ='[1]0056_ストリングス名古屋 別紙1-2'!O19 -> 32804613 | BD60: =AK60*DM60*0.6 -> 28758370 | BE60: =BD60-21000*DM60*0.6 -> 5624769.6 | BF60: =AM60*DM60*0.4 -> 18132336 | BG60: =BF60-0 -> 18132336 | BH60: =AO60*DM60*0.3 -> 1307048.4 | BK60: =BM60*5000*BX60 -> 350000 | BL60: =1800000*BN60*BX60 -> 0 | BM60: 5 | BN60: =GQ60 -> 0 | BP60: =SUM(AZ60,BA60,BI60,BO60) -> 2.4751581e+08 | BV60: =IFERROR(INDEX($BY$9:$DH$9, MATCH("準備", BY60:DK60, 0)), "") -> 46286 | BW60: {=IF(COUNTIF(BY60:DK60,"*撤去*")=0,"",INDEX(BY$9:DK$9,1,MAX(IF(CC60:DK60="撤去",COLUMN(CC60:DK60)-COLUMN(BY60)+1))))} -> 46300 | BX60: =BW60-BV60 -> 14 | CT60: 準備 | CU60: 準備 | CV60: 153 | CW60: 153 | CX60: 153 | CY60: 153 | CZ60: 153 | DA60: 153 | DB60: 153 | DC60: 153 | DD60: 153 | DE60: 153 | DF60: 153 | DG60: 153 | DH60: 撤去 | DM60: {=SUM(IF(ISNUMBER($BY60:$DK60),$BY60:$DK60, 0))} -> 1836 | DO60: =DM60*(BX60)/(BX60+1) -> 1713.6
D62: 9 | E62: 90 | F62: 名古屋観光ホテル | AA62: テニス② | AB62: 名古屋市 | AC62: 104 | AD62: =SUM(AC62,AC63) -> 104 | AG62: ='[1]0090_名古屋観光ホテル 別紙1-1'!M36 -> 8879047.1 | AK62: =$AK$4 -> 26106 | AL62: 0.83 | AM62: =$AM$4 -> 24690 | AN62: 要 | AO62: =$AO$4 -> 2373 | AP62: ='[1]0090_名古屋観光ホテル 別紙1-1'!K34 -> 100 | AQ62: ='[1]0090_名古屋観光ホテル 別紙1-1'!AF34 -> 149 | AX62: ='[1]0090_名古屋観光ホテル 別紙1-2'!N37 -> 7240591.6 | AY62: ='[1]0090_名古屋観光ホテル 別紙1-2'!I34 -> 3 | AZ62: ='[1]0090_名古屋観光ホテル 別紙1-1'!C38 -> 123316047 | BA62: ='[1]0090_名古屋観光ホテル 別紙1-2'!O35 -> 1.0860887e+08 | BD62: =AK62*DM62*0.6 -> 19548173 | BE62: =BD62-21000*DM62*0.6 -> 3823372.8 | BF62: =AM62*DM62*0.4 -> 12325248 | BG62: =BF62-0 -> 12325248 | BH62: =AO62*DM62*0.3 -> 888451.2 | BK62: =BM62*5000*BX62 -> 350000 | BL62: =1800000*BN62*BX62 -> 0 | BM62: 5 | BN62: =GQ62 -> 0 | BP62: =SUM(AZ62,BA62,BI62,BO62) -> 231924921 | BV62: =IFERROR(INDEX($BY$9:$DH$9, MATCH("準備", BY62:DK62, 0)), "") -> 46286 | BW62: {=IF(COUNTIF(BY62:DK62,"*撤去*")=0,"",INDEX(BY$9:DK$9,1,MAX(IF(CC62:DK62="撤去",COLUMN(CC62:DK62)-COLUMN(BY62)+1))))} -> 46300 | BX62: =BW62-BV62 -> 14 | CT62: 準備 | CU62: 準備 | CV62: 104 | CW62: 104 | CX62: 104 | CY62: 104 | CZ62: 104 | DA62: 104 | DB62: 104 | DC62: 104 | DD62: 104 | DE62: 104 | DF62: 104 | DG62: 104 | DH62: 撤去 | DM62: {=SUM(IF(ISNUMBER($BY62:$DK62),$BY62:$DK62, 0))} -> 1248 | DO62: =DM62*(BX62)/(BX62+1) -> 1164.8
D64: 10 | E64: 40 | F64: 名古屋マリオットアソシアホテル | AA64: クリケット（女子） | AB64: 日進市 | AC64: 178 | AD64: =SUM(AC64,AC65) -> 379 | AG64: ='[1]0040_名古屋マリオット 別紙1-1'!M25 -> 13455735 | AK64: 42900 | AM64: 33550 | AO64: 2750 | AP64: ='[1]0040_名古屋マリオット 別紙1-1'!K23 -> 162 | AQ64: ='[1]0040_名古屋マリオット 別紙1-1'!AF23 -> 260 | AX64: ='[1]0040_名古屋マリオット 別紙1-2'!N30 -> 202400 | AY64: ='[1]0040_名古屋マリオット 別紙1-2'!I27 -> 3 | AZ64: ='[1]0040_名古屋マリオット 別紙1-1'!C27 -> 319020523 | BA64: ='[1]0040_名古屋マリオット 別紙1-2'!O28 -> 7590000 | BD64: 72202416 | BF64: 50962450 | BG64: 0 | BH64: 2970000 | BK64: =BM64*5000*BX64 -> 575000 | BL64: =1800000*BN64*BX64 -> 0 | BM64: 5 | BN64: =GQ64 -> 0 | BP64: =SUM(AZ64,BA64,BI64,BO64) -> 326610523 | BV64: =IFERROR(INDEX($BY$9:$DH$9, MATCH("準備", BY64:DK64, 0)), "") -> 46277 | BW64: {=IF(COUNTIF(BY64:DK64,"*撤去*")=0,"",INDEX(BY$9:DK$9,1,MAX(IF(CC64:DK64="撤去",COLUMN(CC64:DK64)-COLUMN(BY64)+1))))} -> 46300 | BX64: =BW64-BV64 -> 23 | CK64: 準備 | CL64: 準備 | CM64: 178 | CN64: 178 | CO64: 178 | CP64: 178 | CQ64: 178 | CR64: 178 | CS64: 178 | CT64: 178 | CU64: 178 | CV64: 201 | CW64: 201 | CX64: 201 | CY64: 201 | CZ64: 201 | DA64: 201 | DB64: 201 | DC64: 201 | DD64: 201 | DE64: 201 | DF64: 201 | DG64: 201 | DH64: 撤去 | DM64: {=SUM(IF(ISNUMBER($BY64:$DK64),$BY64:$DK64, 0))} -> 4014 | DO64: =DM64*(BX64)/(BX64+1) -> 3846.75
AA65: ソフトボール | AB65: 安城市 | AC65: 201
D66: 11 | E66: 49 | F66: 名鉄グランドホテル | AA66: バレーボール（男子） | AB66: 岡崎市/小牧市 | AC66: 288 | AD66: =SUM(AC66,AC67) -> 558 | AG66: ='[1]0049_名鉄グランドホテル 別紙1-1'!M26 -> 8595400 | AK66: =$AK$4 -> 26106 | AM66: =$AM$4 -> 24690 | AO66: =$AO$4 -> 2373 | AP66: ='[1]0049_名鉄グランドホテル 別紙1-1'!K24 -> 193 | AQ66: ='[1]0049_名鉄グランドホテル 別紙1-1'!AF24 -> 230 | AX66: ='[1]0049_名鉄グランドホテル 別紙1-2'!N37 -> 6744100 | AY66: ='[1]0049_名鉄グランドホテル 別紙1-2'!I34 -> 7 | AZ66: ='[1]0049_名鉄グランドホテル 別紙1-1'!C28 -> 204164400 | BA66: ='[1]0049_名鉄グランドホテル 別紙1-2'!O35 -> 165920700 | BD66: =AK66*DM66*0.6 -> 91914005 | BE66: =BD66-21000*DM66*0.6 -> 17977205 | BF66: =AM66*DM66*0.4 -> 57952368 | BG66: =BF66-0 -> 57952368 | BH66: =AO66*DM66*0.3 -> 4177429.2 | BK66: =BM66*5000*BX66 -> 600000 | BL66: =1800000*BN66*BX66 -> 0 | BM66: 5 | BN66: =GQ66 -> 0 | BP66: =SUM(AZ66,BA66,BI66,BO66) -> 370085100 | BV66: =IFERROR(INDEX($BY$9:$DH$9, MATCH("準備", BY66:DK66, 0)), "") -> 46276 | BW66: {=IF(COUNTIF(BY66:DK66,"*撤去*")=0,"",INDEX(BY$9:DK$9,1,MAX(IF(CC66:DK66="撤去",COLUMN(CC66:DK66)-COLUMN(BY66)+1))))} -> 46300 | BX66: =BW66-BV66 -> 24 | CJ66: 準備 | CK66: 準備 | CL66: 270 | CM66: 270 | CN66: 270 | CO66: 270 | CP66: 270 | CQ66: 270 | CR66: 270 | CS66: 270 | CT66: 270 | CU66: 270 | CV66: 0 | CW66: 288 | CX66: 288 | CY66: 288 | CZ66: 288 | DA66: 288 | DB66: 288 | DC66: 288 | DD66: 288 | DE66: 288 | DF66: 288 | DG66: 288 | DH66: 撤去 | DM66: {=SUM(IF(ISNUMBER($BY66:$DK66),$BY66:$DK66, 0))} -> 5868 | DO66: =DM66*(BX66)/(BX66+1) -> 5633.28
AA67: バレーボール（女子） | AB67: 岡崎市/小牧市 | AC67: 270
D68: 12 | E68: 96 | F68: アイリス愛知 | AA68: DPRK | AC68: 89 | AD68: =SUM(AC68,AC69) -> 89 | AG68: ='[1]0096_アイリス愛知 別紙1-1'!I20 -> 1360040 | AK68: =$AK$4 -> 26106 | AL68: 0.83 | AM68: =$AM$4 -> 24690 | AN68: 要 | AO68: =$AO$4 -> 2373 | AX68: ='[1]0096_アイリス愛知 別紙1-2'!O40 -> 73267920 | AY68: 1 | AZ68: ='[1]0096_アイリス愛知 別紙1-1'!D22 -> 28560840 | BA68: ='[1]0096_アイリス愛知 別紙1-2'!O40 -> 73267920 | BD68: =AK68*DM68*0.6 -> 26487148 | BE68: =BD68-21000*DM68*0.6 -> 5180547.6 | BF68: =AM68*DM68*0.4 -> 16700316 | BG68: =BF68-0 -> 16700316 | BH68: =AO68*DM68*0.3 -> 1203822.9 | BK68: =BM68*5000*BX68 -> 525000 | BL68: =1800000*BN68*BX68 -> 0 | BM68: 5 | BN68: =GQ68 -> 0 | BP68: =SUM(AZ68,BA68,BI68,BO68) -> 101828760 | BV68: =IFERROR(INDEX($BY$9:$DH$9, MATCH("準備", BY68:DK68, 0)), "") -> 46274 | BW68: {=IF(COUNTIF(BY68:DK68,"*撤去*")=0,"",INDEX(BY$9:DK$9,1,MAX(IF(CC68:DK68="撤去",COLUMN(CC68:DK68)-COLUMN(BY68)+1))))} -> 46295 | BX68: =BW68-BV68 -> 21 | CH68: 準備 | CI68: 準備 | CJ68: 89 | CK68: 89 | CL68: 89 | CM68: 89 | CN68: 89 | CO68: 89 | CP68: 89 | CQ68: 89 | CR68: 89 | CS68: 89 | CT68: 89 | CU68: 89 | CV68: 89 | CW68: 89 | CX68: 89 | CY68: 89 | CZ68: 89 | DA68: 89 | DB68: 89 | DC68: 撤去 | DM68: {=SUM(IF(ISNUMBER($BY68:$DK68),$BY68:$DK68, 0))} -> 1691 | DO68: =DM68*(BX68)/(BX68+1) -> 1614.1364
B70: 尾張 | C70: 小牧市 | D70: 13 | E70: 12 | F70: ルートイングランティア小牧 | G70: 224 | H70: 241 | I70: 147 | J70: 215 | K70: 0012_ルートイングランティア小牧 | L70: 192 | M70: 11 | N70: 高 | O70: 宿泊施設 | P70: 82 | Q70: ○ | R70: ○(ｼﾞﾑ内等) | S70: ○ | T70: 玄関前（屋根無）1台 | U70: ○ | V70: 全棟 | X70: ◎ | Y70: ◎ | AA70: ハンドボール（女子） | AB70: 春日井市 | AC70: 192 | AD70: =SUM(AC70,AC71) -> 192 | AE70: 無 | AF70: 見積取得済 | AG70: =FP70 -> 3010000 | AH70: =FQ70 -> 0 | AI70: =FR70 -> 4100 | AJ70: 0.986 | AK70: =$AK$4 -> 26106 | AL70: 0.83 | AM70: =$AM$4 -> 24690 | AN70: 要 | AO70: =$AO$4 -> 2373 | AP70: =FS70 -> 147 | AQ70: =FT70 -> 215 | AR70: =DM70/(BX70-2) -> 176 | AS70: =AG70/AR70 -> 17102.273 | AT70: =AG70/AP70 -> 20476.19 | AU70: =AG70/AQ70 -> 14000 | AV70: 26000 | AW70: 48000 | AX70: =GA70 -> 904000 | AY70: =GB70 -> 5 | AZ70: =GC70 -> 54180000 | BA70: =GD70 -> 17176000 | BB70: =AI70*DM70 -> 8659200 | BC70: =AH70*DM70 -> 0 | BD70: =AK70*DM70*0.6 -> 33081523 | BE70: =BD70-21000*DM70*0.6 -> 6470323.2 | BF70: =AM70*DM70*0.4 -> 20858112 | BG70: =BF70-0 -> 20858112 | BH70: =AO70*DM70*0.3 -> 1503532.8 | BI70: =GJ70 -> 0 | BJ70: =GK70 -> 0 | BK70: =BM70*5000*BX70 -> 350000 | BL70: =1800000*BN70*BX70 -> 25200000 | BM70: =GP70 -> 5 | BN70: =GQ70 -> 1 | BP70: =SUM(AZ70,BA70,BI70,BO70) -> 71356000 | BQ70: =BP70-GR70 -> 0 | BS70: 有 | BT70: ='[1]0012_ルートイン小牧 別紙1-1'!B8 -> 46279 | BU70: ='[1]0012_ルートイン小牧 別紙1-1'!G8 -> 46297 | BV70: =IFERROR(INDEX($BY$9:$DH$9, MATCH("準備", BY70:DK70, 0)), "") -> 46280 | BW70: {=IF(COUNTIF(BY70:DK70,"*撤去*")=0,"",INDEX(BY$9:DK$9,1,MAX(IF(CC70:DK70="撤去",COLUMN(CC70:DK70)-COLUMN(BY70)+1))))} -> 46294 | BX70: =BW70-BV70 -> 14 | BY70: 0 | BZ70: 0 | CA70: 0 | CB70: 0 | CC70: 0 | CD70: 0 | CE70: 0 | CF70: 0 | CG70: 0 | CH70: 0 | CI70: 0 | CJ70: 0 | CK70: 0 | CL70: 0 | CM70: 0 | CN70: 準備 | CO70: 準備 | CP70: 192 | CQ70: 192 | CR70: 192 | CS70: 192 | CT70: 192 | CU70: 192 | CV70: 192 | CW70: 192 | CX70: 192 | CY70: 192 | CZ70: 192 | DA70: 0 | DB70: 撤去 | DC70: 0 | DD70: 0 | DE70: 0 | DF70: 0 | DG70: 0 | DH70: 0 | DI70: 0 | DJ70: 0 | DK70: 0 | DM70: {=SUM(IF(ISNUMBER($BY70:$DK70),$BY70:$DK70, 0))} -> 2112 | DN70: 2688 | DO70: =DM70*(BX70)/(BX70+1) -> 1971.2 | DQ70: ハンドボール（女子） | DR70: 春日井市 | DS70: 192 | DT70: =SUM(DS70,DS71) -> 192 | DU70: 3010000 | DV70: 904000 | DW70: 54180000 | DX70: 17176000 | DY70: 11808000 | DZ70: 45111168 | EA70: 28442880 | EB70: 2050272 | EC70: 0 | ED70: 0 | EE70: 425000 | EF70: 30600000 | EH70: 71356000 | EI70: 46279 | EJ70: 46297 | EK70: 46279 | EL70: 46296 | EM70: 17 | EO70: ハンドボール（女子） | EP70: 春日井市 | EQ70: 192 | ER70: 192 | ES70: 192 | ET70: 192 | EU70: 187 | EV70: 春日井市総合体育館 | EW70: 6.7 | EX70: 17 | EY70: 名古屋市名東スポーツセンター | EZ70: 21.7 | FA70: 26 | FB70: 名古屋市中村スポーツセンター | FC70: 20.7 | FD70: 28 | FE70: 稲沢市総合体育館 | FF70: 22.8 | FG70: 27 | FH70: 中部大学 | FI70: 14.7 | FJ70: 17 | FK70: 49 | FL70: 0.2033195 | FM70: ルートイングランティア小牧 合計 | FN70: 契約済 | FO70: 見積取得済 | FP70: 3010000 | FQ70: 0 | FR70: 4100 | FS70: 147 | FT70: 215 | FU70: 192 | FV70: 15677.083 | FW70: 20476.19 | FX70: 14000 | FY70: 8353 | FZ70: 20706 | GA70: 904000 | GB70: 5 | GC70: 54180000 | GD70: 17176000 | GE70: 54180000 | GF70: 17176000 | GG70: 0 | GH70: 0 | GI70: 7557120 | GM70: 0 | GN70: 350000 | GO70: 32400000 | GP70: 5 | GQ70: 1 | GR70: 71356000 | GS70: -1247009 | GT70: 有 | GU70: 46279 | GV70: 46297 | GW70: 46279 | GX70: 46297 | GY70: 18 | HD70: 0 | HE70: 0 | HF70: 0 | HG70: 0 | HH70: 0 | HI70: 0 | HJ70: 0 | HK70: 0 | HL70: 0 | HM70: 0 | HN70: 準備 | HO70: 準備 | HP70: 192 | HQ70: 192 | HR70: 192 | HS70: 192 | HT70: 192 | HU70: 192 | HV70: 192 | HW70: 192 | HX70: 192 | HY70: 192 | HZ70: 192 | IA70: 192 | IB70: 192 | IC70: 192 | ID70: 192 | IE70: 192 | IF70: 撤去 | IG70: 0 | IH70: 0 | II70: 0 | IJ70: 0 | IK70: 0 | IL70: 0 | IN70: {=SUM(IF(ISNUMBER($HD70:$IL70),$HD70:$IL70, 0))} -> 3072 | IR70: =VLOOKUP($E70,[1]アジアResults1031!$A$1:$CH$259,23,FALSE) -> 1909391 | IS70: =VLOOKUP($E70,[1]アジアResults1031!$A$1:$CH$259,32,FALSE) -> 146 | IT70: =KY70/(GY70-2) -> 245.4375 | IU70: =IR70/IT70 -> 7779.5406 | IV70: =VLOOKUP(E70,[1]アジアResults1031!$A$1:$CH$264,26,FALSE) -> 8353 | IW70: =VLOOKUP(E70,[1]アジアResults1031!$A$1:$CH$264,27,FALSE) -> 20706 | IX70: =VLOOKUP($E70,[1]アジアResults1031!$A$1:$CH$259,18,FALSE) -> 1138826 | IY70: =VLOOKUP($E70,[1]アジアResults1031!$A$1:$CH$259,9,FALSE) -> 4 | IZ70: =IR70*JF70 -> 43915993 | JA70: =IX70*JF70 -> 26192998 | JD70: =IFERROR(INDEX($JO$9:$KW$9, MATCH("準備", JO70:KW70, 0)), "") -> 46277 | JE70: {=IF(COUNTIF(JO70:KW70,"*撤去*")=0,"",INDEX(JO$9:KW$9,1,MAX(IF(JO70:KW70="撤去",COLUMN(JO70:KW70)-COLUMN(JO70)+1))))} -> 46300 | JF70: =JE70-JD70 -> 23 | JG70: 2650925 | JH70: 1138826 | JW70: 準備 | JX70: 準備 | JY70: 187 | JZ70: 187 | KA70: 187 | KB70: 187 | KC70: 187 | KD70: 187 | KE70: 187 | KF70: 187 | KG70: 187 | KH70: 187 | KI70: 187 | KJ70: 187 | KK70: 187 | KL70: 187 | KM70: 187 | KN70: 187 | KO70: 187 | KP70: 187 | KQ70: 187 | KR70: 187 | KS70: 187 | KT70: 撤去 | KY70: {=SUM(IF(ISNUMBER($JO70:$KW70),$JO70:$KW70, 0))} -> 3927
G71: 0 | H71: 0 | I71: 0 | J71: 0 | L71: 0 | M71: 0 | N71: 0 | O71: 0 | P71: 0 | Q71: 0 | R71: 0 | S71: 0 | T71: 0 | AB71: － | AC71: 0 | BV71: =IFERROR(INDEX($HD$9:$II$9, MATCH("準備", CC71:DK71, 0)), "") | BW71: {=IF(COUNTIF(CC71:DK71,"*撤去*")=0,"",INDEX(CC$9:DK$9,1,MAX(IF(CC71:DK71="撤去",COLUMN(CC71:DK71)-COLUMN(CC71)+1))))} | BY71: あまり | BZ71: 部屋 | DR71: － | DS71: 0 | EP71: － | EQ71: 0 | ES71: #N/A | EV71: － | EY71: － | FB71: － | FE71: － | FH71: －
C72: 犬山市 | E72: 1007 | F72: ホテルミュースタイル犬山エクスペリエンス | G72: 118 | H72: 192 | I72: 118 | J72: 189 | K72: 1007_ホテルミュースタイル犬山エクスペリエンス | L72: 170 | M72: 1 | N72: 中 | O72: 宿泊施設 | P72: 72 | Q72: － | R72: ○ | S72: ○ | T72: 玄関前（屋根無）1台 | U72: ○ | V72: 全棟 | X72: ◎ | Y72: ◎ | AA72: 配宿無し | AD72: =SUM(AC72,AC73) -> 0 | AE72: 有 | AF72: 見積取得済 | AV72: 26000 | AW72: 48000 | BB72: =AI72*DM72*0.6 -> 0 | BI72: =GJ72 -> 0 | BJ72: =GK72 -> 0 | BM72: =GP72 -> 2 | BN72: =GQ72 -> 1 | BP72: =SUM(AZ72,BA72,BI72,BO72) -> 0 | BQ72: =BP72-GR72 -> -47383325 | BS72: 有 | BT72: =GU72 -> 46284 | BU72: =GV72 -> 46294 | BV72: =IFERROR(INDEX($BY$9:$DH$9, MATCH("準備", BY72:DK72, 0)), "") | BW72: {=IF(COUNTIF(BY72:DK72,"*撤去*")=0,"",INDEX(BY$9:DK$9,1,MAX(IF(CC72:DK72="撤去",COLUMN(CC72:DK72)-COLUMN(BY72)+1))))} | BX72: =BW72-BV72 -> #VALUE! | DM72: {=SUM(IF(ISNUMBER($BY72:$DK72),$BY72:$DK72, 0))} -> 0 | DQ72: 配宿無し | DT72: =SUM(DS72,DS73) -> 0 | DY72: 0 | EC72: 0 | ED72: 0 | EH72: 0 | EI72: 46284 | EJ72: 46294 | EM72: #VALUE! | EO72: ゴルフ | EP72: 春日井市 | EQ72: 170 | ER72: 170 | ET72: 162 | EU72: 168 | EV72: 春日井カントリークラブ 東コース | EW72: 14.9 | EX72: 24 | EY72: 競技会場に設置 | EZ72: 14.9 | FA72: 24 | FB72: ー | FE72: ー | FH72: ー | FK72: 22 | FL72: 0.11458333 | FM72: ホテルミュースタイル犬山エクスペリエンス 合計 | FN72: 契約書提示中 | FO72: 見積取得済 | FP72: 4347200 | FQ72: 1760 | FR72: 2340 | FS72: 118 | FT72: 189 | FU72: 170 | FV72: 25571.765 | FW72: 36840.678 | FX72: 23001.058 | FY72: 26600 | FZ72: 56700 | GA72: 468050 | GB72: 2 | GC72: 42468800 | GD72: 4914525 | GE72: 42468800 | GF72: 4914525 | GG72: 0 | GH72: 0 | GI72: 1909440 | GM72: 0 | GN72: 140000 | GO72: 18000000 | GP72: 2 | GQ72: 1 | GR72: 47383325 | GS72: 70397559 | GT72: 有 | GU72: 46284 | GV72: 46294 | GW72: 46284 | GX72: 46294 | GY72: 10 | HD72: 0 | HE72: 0 | HF72: 0 | HG72: 0 | HH72: 0 | HI72: 0 | HJ72: 0 | HK72: 0 | HL72: 0 | HM72: 0 | HN72: 0 | HO72: 0 | HP72: 0 | HQ72: 0 | HR72: 0 | HS72: 準備 | HT72: 準備 | HU72: 170 | HV72: 170 | HW72: 170 | HX72: 170 | HY72: 170 | HZ72: 170 | IA72: 170 | IB72: 170 | IC72: 撤去 | ID72: 0 | IE72: 0 | IF72: 0 | IG72: 0 | IH72: 0 | II72: 0 | IJ72: 0 | IK72: 0 | IL72: 0 | IN72: {=SUM(IF(ISNUMBER($HD72:$IL72),$HD72:$IL72, 0))} -> 1360 | IR72: =VLOOKUP($E72,[1]アジアResults1031!$A$1:$CH$259,23,FALSE) -> 4189144 | IS72: =VLOOKUP($E72,[1]アジアResults1031!$A$1:$CH$259,32,FALSE) -> 118 | IT72: =KY72/(GY72-2) -> 441 | IU72: =IR72/IT72 -> 9499.1927 | IV72: =VLOOKUP(E72,[1]アジアResults1031!$A$1:$CH$264,26,FALSE) -> 28824 | IW72: =VLOOKUP(E72,[1]アジアResults1031!$A$1:$CH$264,27,FALSE) -> 51765 | IX72: =VLOOKUP($E72,[1]アジアResults1031!$A$1:$CH$259,18,FALSE) -> 931764 | IY72: =VLOOKUP($E72,[1]アジアResults1031!$A$1:$CH$259,9,FALSE) -> 1 | IZ72: =IR72*JF72 -> 96350312 | JA72: =IX72*JF72 -> 21430572 | JD72: =IFERROR(INDEX($JO$9:$KW$9, MATCH("準備", JO72:KW72, 0)), "") -> 46277 | JE72: {=IF(COUNTIF(JO72:KW72,"*撤去*")=0,"",INDEX(JO$9:KW$9,1,MAX(IF(JO72:KW72="撤去",COLUMN(JO72:KW72)-COLUMN(JO72)+1))))} -> 46300 | JF72: =JE72-JD72 -> 23 | JG72: 4189144 | JH72: 931764 | JW72: 準備 | JX72: 準備 | JY72: 168 | JZ72: 168 | KA72: 168 | KB72: 168 | KC72: 168 | KD72: 168 | KE72: 168 | KF72: 168 | KG72: 168 | KH72: 168 | KI72: 168 | KJ72: 168 | KK72: 168 | KL72: 168 | KM72: 168 | KN72: 168 | KO72: 168 | KP72: 168 | KQ72: 168 | KR72: 168 | KS72: 168 | KT72: 撤去 | KY72: {=SUM(IF(ISNUMBER($JO72:$KW72),$JO72:$KW72, 0))} -> 3528
G73: 0 | H73: 0 | I73: 0 | J73: 0 | L73: 0 | M73: 0 | N73: 0 | P73: 0 | Q73: 0 | R73: 0 | S73: 0 | T73: 0 | AB73: － | AC73: 0 | BV73: =IFERROR(INDEX($HD$9:$II$9, MATCH("準備", CC73:DK73, 0)), "") | BW73: {=IF(COUNTIF(CC73:DK73,"*撤去*")=0,"",INDEX(CC$9:DK$9,1,MAX(IF(CC73:DK73="撤去",COLUMN(CC73:DK73)-COLUMN(CC73)+1))))} | BY73: あまり | BZ73: 部屋 | DR73: － | DS73: 0 | EP73: － | EQ73: 0 | ES73: #N/A | EV73: － | EY73: － | FB73: － | FE73: － | FH73: －
B74: 知多 | C74: 常滑市 | D74: 14 | E74: 299 | F74: 東横INN中部国際空港２ | G74: 1286 | H74: 1287 | I74: 1386 | J74: 1286 | K74: 0299_東横INN中部国際空港2 | L74: 1209 | M74: 0 | N74: 高 | O74: ケータリング | P74: 380 | Q74: － | R74: － | S74: ○ | T74: 路上2台 | U74: ○ | V74: 全棟 | X74: ◎ | Z74: ◎ | AA74: 陸上競技（トラック／フィールド） | AB74: 名古屋市 | AC74: 1107 | AD74: =SUM(AC74:AC80) -> 1582 | AE74: 無 | AF74: 見積取得済 | AG74: =FP74 -> 19675800 | AH74: =FQ74 -> 0 | AI74: =FR74 -> 4100 | AK74: 0 | AM74: 0 | AO74: 0 | AP74: =FS74 -> 1286 | AQ74: =FT74 -> 1286 | AR74: =DM74/(BX74-2) -> 994.53333 | AS74: =AG74/AR74 -> 19783.952 | AT74: =AG74/AP74 -> 15300 | AU74: =AG74/AQ74 -> 15300 | AV74: 26000 | AW74: 48000 | AY74: =GB74 -> 0 | AZ74: =GC74 -> 342138600 | BA74: =GD74 -> 0 | BB74: 0 | BC74: =AH74*DM74 -> 0 | BH74: =AO74*DM74*0.3 -> 0 | BI74: =200*DM74 -> 2983600 | BJ74: ='[1]0299_東横中部国際Ⅱ 別紙1-3'!C22 -> 80121470 | BK74: =BM74*5000*BX74 -> 680000 | BL74: =1800000*BN74*BX74 -> 30600000 | BM74: =GP74 -> 8 | BN74: =GQ74 -> 1 | BP74: =SUM(AZ74,BA74,BI74,BO74) -> 345122200 | BQ74: =BP74-GR74 -> 270800 | BS74: 有 | BT74: =GU74 -> 46283 | BU74: =GV74 -> 46300 | BV74: =IFERROR(INDEX($BY$9:$DH$9, MATCH("準備", BY74:DK74, 0)), "") -> 46283 | BW74: {=IF(COUNTIF(BY74:DK74,"*撤去*")=0,"",INDEX(BY$9:DK$9,1,MAX(IF(CC74:DK74="撤去",COLUMN(CC74:DK74)-COLUMN(BY74)+1))))} -> 46300 | BX74: =BW74-BV74 -> 17 | BY74: 0 | BZ74: 0 | CA74: 0 | CB74: 0 | CC74: 0 | CD74: 0 | CE74: 0 | CF74: 0 | CG74: 0 | CH74: 0 | CI74: 0 | CJ74: 0 | CK74: 0 | CL74: 0 | CM74: 0 | CN74: 0 | CO74: 0 | CP74: 0 | CQ74: 準備 | CR74: 準備 | CS74: 1336 | CT74: 1437 | CU74: 1437 | CV74: 1490 | CW74: 1490 | CX74: 1490 | CY74: 1490 | CZ74: 1423 | DA74: 1318 | DB74: 1309 | DC74: 202 | DD74: 202 | DE74: 202 | DF74: 92 | DG74: 0 | DH74: 撤去 | DI74: 0 | DJ74: 0 | DK74: 0 | DM74: {=SUM(IF(ISNUMBER($BY74:$DK74),$BY74:$DK74, 0))} -> 14918 | DO74: =DM74*(BX74)/(BX74+1) -> 14089.222 | DQ74: 陸上競技（トラック／フィールド） | DR74: 名古屋市 | DS74: 930 | DT74: =SUM(DS74:DS80) -> 1278 | DU74: 19675800 | DW74: 342138600 | DX74: 0 | DY74: 0 | EB74: 0 | EC74: 2712800 | ED74: 56263900 | EE74: 680000 | EF74: 30600000 | EH74: 344851400 | EI74: 46283 | EJ74: 46300 | EK74: 46283 | EL74: 46300 | EM74: 17 | EO74: 陸上競技（トラック／フィールド） | EP74: 名古屋市 | EQ74: 930 | ER74: 1278 | ES74: 1279 | ET74: 1279 | EU74: 1176 | EV74: 名古屋市瑞穂公園陸上競技場 | EW74: 39.4 | EX74: 37 | EY74: 美浜町運動公園陸上競技場（投てき） | EZ74: 27.4 | FA74: 25 | FB74: ー | FE74: ー | FH74: ー | FK74: 77 | FL74: 0.05982906 | FM74: 東横INN中部国際空港２ 合計 | FN74: 契約済 | FO74: 見積取得済 | FP74: 19675800 | FQ74: 0 | FR74: 4100 | FS74: 1286 | FT74: 1286 | FU74: 904.26667 | FV74: 21758.847 | FW74: 15300 | FX74: 15300 | FY74: 9765 | FZ74: 13883 | GA74: 0 | GB74: 0 | GC74: 342138600 | GD74: 0 | GE74: 339843600 | GF74: 0 | GG74: -2295000 | GH74: 0 | GI74: 0 | GJ74: 2712800 | GK74: 56263900 | GL74: 54825100 | GM74: -1438800 | GN74: 560000 | GO74: 30600000 | GP74: 8 | GQ74: 1 | GR74: 344851400 | GS74: 116515366 | GT74: 有 | GU74: 46283 | GV74: 46300 | GW74: 46283 | GX74: 46300 | GY74: 17 | HD74: 0 | HE74: 0 | HF74: 0 | HG74: 0 | HH74: 0 | HI74: 0 | HJ74: 0 | HK74: 0 | HL74: 0 | HM74: 0 | HN74: 0 | HO74: 0 | HP74: 0 | HQ74: 0 | HR74: 準備 | HS74: 準備 | HT74: 1134 | HU74: 1191 | HV74: 1191 | HW74: 1209 | HX74: 1209 | HY74: 1209 | HZ74: 1209 | IA74: 1209 | IB74: 1159 | IC74: 1113 | ID74: 1113 | IE74: 183 | IF74: 183 | IG74: 183 | IH74: 69 | II74: 撤去 | IJ74: 0 | IK74: 0 | IL74: 0 | IN74: {=SUM(IF(ISNUMBER($HD74:$IL74),$HD74:$IL74, 0))} -> 13564 | IR74: =VLOOKUP($E74,[1]アジアResults1031!$A$1:$CH$259,23,FALSE) -> 15815654 | IS74: =VLOOKUP($E74,[1]アジアResults1031!$A$1:$CH$259,32,FALSE) -> 1286 | IT74: =KY74/(GY74-2) -> 1567 | IU74: =IR74/IT74 -> 10092.951 | IV74: =VLOOKUP(E74,[1]アジアResults1031!$A$1:$CH$264,26,FALSE) -> 9765 | IW74: =VLOOKUP(E74,[1]アジアResults1031!$A$1:$CH$264,27,FALSE) -> 13883 | IX74: =VLOOKUP($E74,[1]アジアResults1031!$A$1:$CH$259,18,FALSE) -> 0 | IY74: =VLOOKUP($E74,[1]アジアResults1031!$A$1:$CH$259,9,FALSE) -> 0 | IZ74: =IR74*JF74 -> 458653966 | JA74: =IX74*JF74 -> 0 | JD74: =IFERROR(INDEX($JO$9:$KW$9, MATCH("準備", JO74:KW74, 0)), "") -> 46272 | JE74: {=IF(COUNTIF(JO74:KW74,"*撤去*")=0,"",INDEX(JO$9:KW$9,1,MAX(IF(JO74:KW74="撤去",COLUMN(JO74:KW74)-COLUMN(JO74)+1))))} -> 46301 | JF74: =JE74-JD74 -> 29 | JG74: 15815654 | JH74: 0 | JR74: 準備 | JS74: 準備 | JT74: 374 | JU74: 374 | JV74: 374 | JW74: 374 | JX74: 374 | JY74: 374 | JZ74: 724 | KA74: 1029 | KB74: 1029 | KC74: 1029 | KD74: 1029 | KE74: 1029 | KF74: 1163 | KG74: 1163 | KH74: 1127 | KI74: 1127 | KJ74: 1127 | KK74: 1127 | KL74: 1127 | KM74: 1127 | KN74: 1127 | KO74: 1140 | KP74: 1006 | KQ74: 1006 | KR74: 1006 | KS74: 1006 | KT74: 13 | KU74: 撤去 | KY74: {=SUM(IF(ISNUMBER($JO74:$KW74),$JO74:$KW74, 0))} -> 23505
G75: 0 | H75: 0 | I75: 0 | J75: 0 | L75: 0 | M75: 0 | N75: 0 | P75: 0 | Q75: 0 | R75: 0 | S75: 0 | T75: 0 | AA75: 陸上競技（マラソン） | AB75: 名古屋市 | AC75: 67 | DQ75: 陸上競技（マラソン） | DR75: 名古屋市 | DS75: 50 | EO75: 陸上競技（マラソン） | EP75: 名古屋市 | EQ75: 50 | ES75: #N/A | EV75: 名古屋市瑞穂公園陸上競技場（都心コース） | EW75: 39.4 | EX75: 37 | EY75: 知多陸上競技場（その他） | EZ75: 17.8 | FA75: 28 | FB75: ー | FE75: ー | FH75: ー
I76: 0 | J76: 0 | L76: 0 | AA76: 陸上競技（競歩） | AB76: 名古屋市 | AC76: 52 | DQ76: 陸上競技（競歩） | DR76: 名古屋市 | DS76: 40 | EO76: 陸上競技（競歩） | EP76: 名古屋市 | EQ76: 40 | ES76: #N/A | EV76: 愛知県庁・名古屋市役所周辺コース | EW76: 47.4 | EX76: 41 | EY76: 知多陸上競技場（その他） | EZ76: 17.8 | FA76: 28 | FB76: ー | FE76: ー | FH76: ー
I77: 0 | J77: 0 | L77: 0 | AA77: Eスポーツ② | AB77: 常滑市 | AC77: 110 | DQ77: Eスポーツ② | DR77: 常滑市 | DS77: 114 | EO77: Eスポーツ② | EP77: 常滑市 | EQ77: 114 | ES77: #N/A | EV77: 愛知県国際展示場［Aichi Sky Expo］ | EW77: 0.9 | EX77: 2 | EY77: 競技会場に設置 | EZ77: 0.9 | FA77: 2 | FB77: ー | FE77: ー | FH77: ー
I78: 0 | J78: 0 | L78: 0 | AA78: スケートボード | AB78: 常滑市 | AC78: 101 | DQ78: スケートボード | DR78: 常滑市 | DS78: 57 | EO78: スケートボード | EP78: 常滑市 | EQ78: 57 | ES78: #N/A | EV78: 愛知県国際展示場［Aichi Sky Expo］ | EW78: 1 | EX78: 2 | EY78: 競技会場に設置 | EZ78: 1 | FA78: 2 | FB78: ー | FE78: ー | FH78: ー
I79: 0 | J79: 0 | L79: 0 | AA79: 自転車競技（BMXフリースタイル） | AB79: 常滑市 | AC79: 53 | DQ79: 自転車競技（BMXフリースタイル） | DR79: 常滑市 | DS79: 18 | EO79: 自転車競技（BMXフリースタイル） | EP79: 常滑市 | EQ79: 18 | ES79: #N/A | EV79: 愛知県国際展示場［Aichi Sky Expo］ | EW79: 0.9 | EX79: 2 | EY79: 競技会場に設置 | EZ79: 0.9 | FA79: 2 | FB79: ー | FE79: ー | FH79: ー
G80: 0 | H80: 0 | I80: 0 | J80: 0 | L80: 0 | M80: 0 | N80: 0 | O80: 0 | P80: 0 | Q80: 0 | R80: 0 | S80: 0 | T80: 0 | AA80: ブレイキン | AB80: 常滑市 | AC80: 92 | BY80: あまり | BZ80: 部屋 | DQ80: ブレイキン | DR80: 常滑市 | DS80: 69 | EO80: ブレイキン | EP80: 常滑市 | EQ80: 69 | ES80: #N/A | EV80: 愛知県国際展示場［Aichi Sky Expo］ | EW80: 0.9 | EX80: 2 | EY80: 競技会場に設置 | EZ80: 0.9 | FA80: 2 | FB80: ー | FE80: ー | FH80: ー
D81: 15 | E81: 300 | F81: 東横INN中部国際空港1 | G81: 988 | H81: 1014 | I81: 608 | J81: 621 | K81: 0300_東横INN中部国際空港1 | L81: 600 | M81: 1 | N81: 高 | O81: ケータリング | P81: 180 | Q81: － | R81: － | S81: ○ | T81: 玄関前（屋根無）1台 | U81: ○ | V81: 全棟 | X81: ◎ | Y81: ◎ | AA81: Eスポーツ① | AB81: 常滑市 | AC81: 835 | AD81: =SUM(AC81,AC82) -> 835 | AE81: 無 | AF81: 見積取得済 | AG81: =FP81 -> 9351400 | AH81: =FQ81 -> 0 | AI81: =FR81 -> 4100 | AK81: 0 | AM81: 0 | AO81: 0 | AP81: =FS81 -> 608 | AQ81: =FT81 -> 621 | AR81: =DM81/(BX81-2) -> 775.35714 | AS81: =AG81/AR81 -> 12060.765 | AT81: =AG81/AP81 -> 15380.592 | AU81: =AG81/AQ81 -> 15058.615 | AV81: 26000 | AW81: 48000 | AX81: =GA81 -> 264000 | AY81: =GB81 -> 1 | AZ81: =GC81 -> 149622400 | BA81: =GD81 -> 4356000 | BB81: 0 | BC81: =AH81*DM81 -> 0 | BI81: ='[1]0300_東横中部国際Ⅰ 別紙1-1'!AH23 -> 1987200 | BJ81: =GK81 -> 0 | BK81: =BM81*5000*BX81 -> 400000 | BL81: =1800000*BN81*BX81 -> 28800000 | BM81: =GP81 -> 5 | BN81: =GQ81 -> 1 | BP81: =SUM(AZ81,BA81,BI81,BO81) -> 155965600 | BQ81: =BP81-GR81 -> 307200 | BS81: 有 | BT81: =GU81 -> 46283 | BU81: =GV81 -> 46299 | BV81: =IFERROR(INDEX($BY$9:$DH$9, MATCH("準備", BY81:DK81, 0)), "") -> 46283 | BW81: {=IF(COUNTIF(BY81:DK81,"*撤去*")=0,"",INDEX(BY$9:DK$9,1,MAX(IF(CC81:DK81="撤去",COLUMN(CC81:DK81)-COLUMN(BY81)+1))))} -> 46299 | BX81: =BW81-BV81 -> 16 | BY81: 0 | BZ81: 0 | CA81: 0 | CB81: 0 | CC81: 0 | CD81: 0 | CE81: 0 | CF81: 0 | CG81: 0 | CH81: 0 | CI81: 0 | CJ81: 0 | CK81: 0 | CL81: 0 | CM81: 0 | CN81: 0 | CO81: 0 | CP81: 0 | CQ81: 準備 | CR81: 準備 | CS81: 835 | CT81: 835 | CU81: 835 | CV81: 835 | CW81: 835 | CX81: 835 | CY81: 835 | CZ81: 835 | DA81: 835 | DB81: 835 | DC81: 835 | DD81: 835 | DE81: 835 | DF81: 0 | DG81: 撤去 | DH81: 0 | DI81: 0 | DJ81: 0 | DK81: 0 | DM81: {=SUM(IF(ISNUMBER($BY81:$DK81),$BY81:$DK81, 0))} -> 10855 | DN81: 7800 | DO81: =DM81*(BX81)/(BX81+1) -> 10216.471 | DQ81: Eスポーツ① | DR81: 常滑市 | DS81: 600 | DT81: =SUM(DS81,DS82) -> 600 | DU81: 9351400 | DV81: 264000 | DW81: 149622400 | DX81: 4356000 | DY81: 0 | EC81: 1680000 | ED81: 0 | EE81: 400000 | EF81: 28800000 | EH81: 155658400 | EI81: 46283 | EJ81: 46299 | EK81: 46283 | EL81: 46299 | EM81: 16 | EO81: Eスポーツ① | EP81: 常滑市 | EQ81: 600 | ER81: 600 | ES81: 600 | ET81: 600 | EU81: 951 | EV81: 愛知県国際展示場［Aichi Sky Expo］ | EW81: 0.9 | EX81: 2 | EY81: 競技会場に設置 | EZ81: 0.9 | FA81: 2 | FB81: ー | FE81: ー | FH81: ー | FK81: 414 | FL81: 0.40828402 | FM81: 東横INN中部国際空港1 合計 | FN81: 契約済 | FO81: 見積取得済 | FP81: 9351400 | FQ81: 0 | FR81: 4100 | FS81: 608 | FT81: 621 | FU81: 600 | FV81: 15585.667 | FW81: 15380.592 | FX81: 15058.615 | FY81: 9765 | FZ81: 15648 | GA81: 264000 | GB81: 1 | GC81: 149622400 | GD81: 4356000 | GE81: 149622400 | GF81: 4356000 | GG81: 0 | GH81: 0 | GI81: 0 | GJ81: 1680000 | GM81: 0 | GN81: 350000 | GO81: 28800000 | GP81: 5 | GQ81: 1 | GR81: 155658400 | GS81: 90692840 | GT81: 有 | GU81: 46283 | GV81: 46299 | GW81: 46283 | GX81: 46299 | GY81: 16 | HD81: 0 | HE81: 0 | HF81: 0 | HG81: 0 | HH81: 0 | HI81: 0 | HJ81: 0 | HK81: 0 | HL81: 0 | HM81: 0 | HN81: 0 | HO81: 0 | HP81: 0 | HQ81: 0 | HR81: 準備 | HS81: 準備 | HT81: 600 | HU81: 600 | HV81: 600 | HW81: 600 | HX81: 600 | HY81: 600 | HZ81: 600 | IA81: 600 | IB81: 600 | IC81: 600 | ID81: 600 | IE81: 600 | IF81: 600 | IG81: 600 | IH81: 撤去 | II81: 0 | IJ81: 0 | IK81: 0 | IL81: 0 | IN81: {=SUM(IF(ISNUMBER($HD81:$IL81),$HD81:$IL81, 0))} -> 8400 | IR81: =VLOOKUP($E81,[1]アジアResults1031!$A$1:$CH$259,23,FALSE) -> 12168856 | IS81: =VLOOKUP($E81,[1]アジアResults1031!$A$1:$CH$259,32,FALSE) -> 988 | IT81: =KY81/(GY81-2) -> 1040.5714 | IU81: =IR81/IT81 -> 11694.398 | IV81: =VLOOKUP(E81,[1]アジアResults1031!$A$1:$CH$264,26,FALSE) -> 9765 | IW81: =VLOOKUP(E81,[1]アジアResults1031!$A$1:$CH$264,27,FALSE) -> 15648 | IX81: =VLOOKUP($E81,[1]アジアResults1031!$A$1:$CH$259,18,FALSE) -> 64706 | IY81: =VLOOKUP($E81,[1]アジアResults1031!$A$1:$CH$259,9,FALSE) -> 1 | IZ81: =IR81*JF81 -> 243377120 | JA81: =IX81*JF81 -> 1294120 | JD81: =IFERROR(INDEX($JO$9:$KW$9, MATCH("準備", JO81:KW81, 0)), "") -> 46277 | JE81: {=IF(COUNTIF(JO81:KW81,"*撤去*")=0,"",INDEX(JO$9:KW$9,1,MAX(IF(JO81:KW81="撤去",COLUMN(JO81:KW81)-COLUMN(JO81)+1))))} -> 46297 | JF81: =JE81-JD81 -> 20 | JG81: 8001154 | JH81: 64706 | JW81: 準備 | JX81: 準備 | JY81: 619 | JZ81: 619 | KA81: 951 | KB81: 951 | KC81: 951 | KD81: 951 | KE81: 951 | KF81: 951 | KG81: 951 | KH81: 951 | KI81: 951 | KJ81: 838 | KK81: 838 | KL81: 619 | KM81: 619 | KN81: 619 | KO81: 619 | KP81: 619 | KQ81: 撤去 | KY81: {=SUM(IF(ISNUMBER($JO81:$KW81),$JO81:$KW81, 0))} -> 14568
AB82: － | AC82: 0 | BV82: =IFERROR(INDEX($HD$9:$II$9, MATCH("準備", CC82:DK82, 0)), "") | BW82: {=IF(COUNTIF(CC82:DK82,"*撤去*")=0,"",INDEX(CC$9:DK$9,1,MAX(IF(CC82:DK82="撤去",COLUMN(CC82:DK82)-COLUMN(CC82)+1))))} | BY82: あまり | BZ82: 部屋 | DR82: － | DS82: 0 | EP82: － | EQ82: 0 | ES82: #N/A | EV82: － | EY82: － | FB82: － | FE82: － | FH82: －
D83: 16 | E83: 302 | F83: 中部国際空港セントレアホテル | G83: 160 | H83: 260 | I83: 157 | J83: 314 | L83: 180 | M83: 0 | N83: 中 | O83: 宿泊施設 | P83: 100 | Q83: － | R83: － | S83: ○ | T83: 付近に乗降場無し（空港乗降場所） | U83: ○ | V83: 全棟 | X83: ◎ | AA83: ビーチバレーボール（男子） | AB83: 碧南市 | AC83: 94 | AD83: =SUM(AC83,AC84) -> 188 | AE83: 有 | AF83: 見積取得済 | AG83: ='[1]0302_セントレアホテル 別紙1-1'!M26 -> 7621152 | AH83: =FQ83 -> 4000 | AI83: =FR83 -> 100 | AJ83: 0.986 | AK83: =$AK$4 -> 26106 | AL83: 0.83 | AM83: =$AM$4 -> 24690 | AN83: 要 | AO83: =$AO$4 -> 2373 | AP83: ='[1]0302_セントレアホテル 別紙1-1'!K24 -> 160 | AQ83: ='[1]0302_セントレアホテル 別紙1-1'!AF24 -> 320 | AR83: =DM83/(BX83-2) -> 178.6 | AS83: =AG83/AR83 -> 42671.624 | AT83: =AG83/AP83 -> 47632.2 | AU83: =AG83/AQ83 -> 23816.1 | AV83: 26000 | AW83: 48000 | AX83: 0 | AY83: =GB83 -> 0 | AZ83: ='[1]0302_セントレアホテル 別紙1-1'!C28 -> 164557140 | BA83: =AX83*(BX83+0.5) -> 0 | BB83: =AI83*DM83 -> 357200 | BC83: =AH83*DM83 -> 14288000 | BD83: =AK83*DM83*0.6 -> 55950379 | BE83: =BD83-21000*DM83*0.6 -> 10943179 | BF83: =AM83*DM83*0.4 -> 35277072 | BH83: =AO83*DM83*0.3 -> 2542906.8 | BI83: =200*DM83 -> 714400 | BJ83: =GK83 -> 0 | BK83: =BM83*5000*BX83 -> 440000 | BL83: =1800000*BN83*BX83 -> 39600000 | BM83: =GP83 -> 4 | BN83: =GQ83 -> 1 | BP83: =SUM(AZ83,BA83,BI83,BO83) -> 165271540 | BQ83: =BP83-GR83 -> 56033131 | BS83: 無 | BT83: ='[1]0302_セントレアホテル 別紙1-1'!B9 -> 45913 | BU83: ='[1]0302_セントレアホテル 別紙1-1'!G9 -> 45935 | BV83: =IFERROR(INDEX($BY$9:$DH$9, MATCH("準備", BY83:DK83, 0)), "") -> 46278 | BW83: {=IF(COUNTIF(BY83:DK83,"*撤去*")=0,"",INDEX(BY$9:DK$9,1,MAX(IF(CC83:DK83="撤去",COLUMN(CC83:DK83)-COLUMN(BY83)+1))))} -> 46300 | BX83: =BW83-BV83 -> 22 | BY83: 0 | BZ83: 0 | CA83: 0 | CB83: 0 | CC83: 0 | CD83: 0 | CE83: 0 | CF83: 0 | CG83: 0 | CH83: 0 | CI83: 0 | CJ83: 0 | CK83: 0 | CL83: 準備 | CM83: 準備 | CN83: 188 | CO83: 188 | CP83: 188 | CQ83: 188 | CR83: 188 | CS83: 188 | CT83: 188 | CU83: 188 | CV83: 188 | CW83: 188 | CX83: 188 | CY83: 188 | CZ83: 188 | DA83: 188 | DB83: 188 | DC83: 188 | DD83: 188 | DE83: 188 | DF83: 188 | DG83: 0 | DH83: 撤去 | DI83: 0 | DJ83: 0 | DK83: 0 | DM83: {=SUM(IF(ISNUMBER($BY83:$DK83),$BY83:$DK83, 0))} -> 3572 | DN83: 3648 | DO83: =DM83*(BX83)/(BX83+1) -> 3416.6957 | DQ83: ビーチバレーボール（男子） | DR83: 碧南市 | DS83: 96 | DT83: =SUM(DS83,DS84) -> 192 | DU83: 7621152 | DV83: 0 | DW83: 164557140 | DX83: 0 | DY83: 384000 | DZ83: 60148224 | EA83: 37923840 | EB83: 2733696 | EC83: 768000 | ED83: 0 | EE83: 440000 | EF83: 39600000 | EH83: 165325140 | EI83: 45919 | EJ83: 45934 | EK83: 46278 | EL83: 46300 | EM83: 22 | EO83: クリケット（男子） | EP83: 日進市 | EQ83: 180 | ER83: 180 | FN83: 契約書提示前 | FO83: 見積依頼中 | FP83: 7453792.5 | FQ83: 4000 | FR83: 100 | FS83: 157 | FT83: 314 | FU83: 180 | FV83: 41409.958 | FW83: 47476.385 | FX83: 23738.193 | GA83: 0 | GB83: 0 | GC83: 108770409 | GD83: 0 | GE83: 108770409 | GF83: 0 | GG83: 0 | GH83: 0 | GI83: 140400 | GJ83: 468000 | GM83: 0 | GN83: 280000 | GO83: 27000000 | GP83: 4 | GQ83: 1 | GR83: 109238409 | GS83: -108770409 | GU83: 45919 | GV83: 45934 | GW83: 46284 | GX83: 46299 | GY83: 15 | HD83: 0 | HE83: 0 | HF83: 0 | HG83: 0 | HH83: 0 | HI83: 0 | HJ83: 0 | HK83: 0 | HL83: 0 | HM83: 0 | HN83: 0 | HO83: 0 | HP83: 0 | HQ83: 0 | HR83: 0 | HS83: 準備 | HT83: 準備 | HU83: 180 | HV83: 180 | HW83: 180 | HX83: 180 | HY83: 180 | HZ83: 180 | IA83: 180 | IB83: 180 | IC83: 180 | ID83: 180 | IE83: 180 | IF83: 180 | IG83: 180 | IH83: 撤去 | II83: 0 | IJ83: 0 | IK83: 0 | IL83: 0 | IN83: {=SUM(IF(ISNUMBER($HD83:$IL83),$HD83:$IL83, 0))} -> 2340
AA84: ビーチバレーボール（女子） | AB84: 碧南市 | AC84: 94 | BY84: あまり | BZ84: 部屋 | DQ84: ビーチバレーボール（女子） | DR84: 碧南市 | DS84: 96
D85: 17 | E85: 298 | F85: フォーポイント バイ シェラトン名古屋 中部国際空港 | G85: 319 | H85: 427 | I85: 223 | J85: 395 | K85: 0298_フォーポイントバイシェラトン名古屋中部空港 | L85: 359 | M85: 1 | N85: 中 | O85: 宿泊施設 | P85: 140 | Q85: ○ | R85: － | S85: － | T85: 専用乗降場所（屋根無）2台 | U85: ○ | V85: 全棟 | X85: ◎ | Z85: ◎ | AA85: フェンシング | AB85: 常滑市 | AC85: 530 | AD85: =SUM(AC85,AC86) -> 530 | AE85: 無 | AF85: 見積取得済 | AG85: =FP85 -> 16335000 | AH85: =FQ85 -> 3300 | AI85: =FR85 -> 800 | AJ85: =AK85/AT85 -> 0.40845791 | AK85: =ROUNDUP(27200*1.1,0) -> 29920 | AL85: =AM85/AT85 -> 0.40845791 | AM85: =ROUNDUP(27200*1.1,0) -> 29920 | AN85: 要 | AO85: =2500*1.1 -> 2750 | AP85: =FS85 -> 223 | AQ85: =FT85 -> 395 | AR85: =DM85/(BX85-2) -> 489.23077 | AS85: =AG85/AR85 -> 33389.151 | AT85: =AG85/AP85 -> 73251.121 | AU85: =AG85/AQ85 -> 41354.43 | AV85: 26000 | AW85: 48000 | AX85: =GA85 -> 0 | AY85: =GB85 -> 0 | AZ85: =GC85 -> 241114500 | BA85: =GD85 -> 0 | BC85: =AH85*DM85 -> 20988000 | BD85: 79902900 | BF85: 55332860 | BG85: 0 | BH85: 5096520 | BI85: =200*DM85 -> 1272000 | BJ85: =GK85 -> 7260000 | BK85: =BM85*5000*BX85 -> 375000 | BL85: =1800000*BN85*BX85 -> 27000000 | BM85: =GP85 -> 5 | BN85: =GQ85 -> 1 | BP85: =SUM(AZ85,BA85,BI85,BO85) -> 242386500 | BQ85: =BP85-GR85 -> 338600 | BS85: 有 | BT85: =GU85 -> 46279 | BU85: =GV85 -> 46294 | BV85: =IFERROR(INDEX($BY$9:$DH$9, MATCH("準備", BY85:DK85, 0)), "") -> 46279 | BW85: {=IF(COUNTIF(BY85:DK85,"*撤去*")=0,"",INDEX(BY$9:DK$9,1,MAX(IF(CC85:DK85="撤去",COLUMN(CC85:DK85)-COLUMN(BY85)+1))))} -> 46294 | BX85: =BW85-BV85 -> 15 | BY85: 0 | BZ85: 0 | CA85: 0 | CB85: 0 | CC85: 0 | CD85: 0 | CE85: 0 | CF85: 0 | CG85: 0 | CH85: 0 | CI85: 0 | CJ85: 0 | CK85: 0 | CL85: 0 | CM85: 準備 | CN85: 準備 | CO85: 530 | CP85: 530 | CQ85: 530 | CR85: 530 | CS85: 530 | CT85: 530 | CU85: 530 | CV85: 530 | CW85: 530 | CX85: 530 | CY85: 530 | CZ85: 530 | DA85: 0 | DB85: 撤去 | DC85: 0 | DD85: 0 | DE85: 0 | DF85: 0 | DG85: 0 | DH85: 0 | DI85: 0 | DJ85: 0 | DK85: 0 | DM85: {=SUM(IF(ISNUMBER($BY85:$DK85),$BY85:$DK85, 0))} -> 6360 | DN85: 4308 | DO85: =DM85*(BX85)/(BX85+1) -> 5962.5 | DQ85: フェンシング | DR85: 常滑市 | DS85: 359 | DT85: =SUM(DS85,DS86) -> 359 | DU85: 16335000 | DV85: 0 | DW85: 241114500 | DX85: 0 | DY85: 3733600 | DZ85: 74541324 | EA85: 49694216 | EB85: 3850275 | EC85: 933400 | ED85: 7260000 | EE85: 375000 | EF85: 27000000 | EH85: 242047900 | EI85: 46279 | EJ85: 46294 | EK85: 46279 | EL85: 46294 | EM85: 15 | EO85: フェンシング | EP85: 常滑市 | EQ85: 359 | ER85: 359 | ES85: 359 | ET85: 359 | EU85: 425 | EV85: 愛知県国際展示場［Aichi Sky Expo］ | EW85: 0.9 | EX85: 2 | EY85: 競技会場に設置 | EZ85: 0.9 | FA85: 2 | FB85: ー | FE85: ー | FH85: ー | FK85: 68 | FL85: 0.15925059 | FM85: フォーポイント バイ シェラトン名古屋 中部国際空港 合計 | FN85: 契約済 | FO85: 見積取得済 | FP85: 16335000 | FQ85: 3300 | FR85: 800 | FS85: 223 | FT85: 395 | FU85: 359 | FV85: 45501.393 | FW85: 73251.121 | FX85: 41354.43 | FY85: 60000 | FZ85: 80000 | GA85: 0 | GB85: 0 | GC85: 241114500 | GD85: 0 | GE85: 241114500 | GF85: 0 | GG85: 0 | GH85: 0 | GI85: 2240160 | GJ85: 933400 | GK85: 7260000 | GM85: -7260000 | GN85: 350000 | GO85: 27000000 | GP85: 5 | GQ85: 1 | GR85: 242047900 | GS85: -59028540 | GT85: 有 | GU85: 46279 | GV85: 46294 | GW85: 46279 | GX85: 46294 | GY85: 15 | HD85: 0 | HE85: 0 | HF85: 0 | HG85: 0 | HH85: 0 | HI85: 0 | HJ85: 0 | HK85: 0 | HL85: 0 | HM85: 0 | HN85: 準備 | HO85: 準備 | HP85: 359 | HQ85: 359 | HR85: 359 | HS85: 359 | HT85: 359 | HU85: 359 | HV85: 359 | HW85: 359 | HX85: 359 | HY85: 359 | HZ85: 359 | IA85: 359 | IB85: 359 | IC85: 撤去 | ID85: 0 | IE85: 0 | IF85: 0 | IG85: 0 | IH85: 0 | II85: 0 | IJ85: 0 | IK85: 0 | IL85: 0 | IN85: {=SUM(IF(ISNUMBER($HD85:$IL85),$HD85:$IL85, 0))} -> 4667 | IR85: =VLOOKUP($E85,[1]アジアResults1031!$A$1:$CH$259,23,FALSE) -> 12009652 | IS85: =VLOOKUP($E85,[1]アジアResults1031!$A$1:$CH$259,32,FALSE) -> 262 | IT85: =KY85/(GY85-2) -> 344.30769 | IU85: =IR85/IT85 -> 34880.58 | IV85: =VLOOKUP(E85,[1]アジアResults1031!$A$1:$CH$264,26,FALSE) -> 35295 | IW85: =VLOOKUP(E85,[1]アジアResults1031!$A$1:$CH$264,27,FALSE) -> 64706 | IX85: =VLOOKUP($E85,[1]アジアResults1031!$A$1:$CH$259,18,FALSE) -> 129412 | IY85: =VLOOKUP($E85,[1]アジアResults1031!$A$1:$CH$259,9,FALSE) -> 1 | IZ85: =IR85*JF85 -> 180144780 | JA85: =IX85*JF85 -> 1941180 | JD85: =IFERROR(INDEX($JO$9:$KW$9, MATCH("準備", JO85:KW85, 0)), "") -> 46279 | JE85: {=IF(COUNTIF(JO85:KW85,"*撤去*")=0,"",INDEX(JO$9:KW$9,1,MAX(IF(JO85:KW85="撤去",COLUMN(JO85:KW85)-COLUMN(JO85)+1))))} -> 46294 | JF85: =JE85-JD85 -> 15 | JG85: 12579065 | JH85: 129412 | JY85: 準備 | JZ85: 準備 | KA85: 60 | KB85: 371 | KC85: 371 | KD85: 371 | KE85: 371 | KF85: 371 | KG85: 371 | KH85: 365 | KI85: 365 | KJ85: 365 | KK85: 365 | KL85: 365 | KM85: 365 | KN85: 撤去 | KY85: {=SUM(IF(ISNUMBER($JO85:$KW85),$JO85:$KW85, 0))} -> 4476
G86: 0 | H86: 0 | I86: 0 | J86: 0 | L86: 0 | M86: 0 | N86: 0 | P86: 0 | Q86: 0 | R86: 0 | S86: 0 | T86: 0 | AB86: － | AC86: 0 | BV86: =IFERROR(INDEX($HD$9:$II$9, MATCH("準備", CC86:DK86, 0)), "") | BW86: {=IF(COUNTIF(CC86:DK86,"*撤去*")=0,"",INDEX(CC$9:DK$9,1,MAX(IF(CC86:DK86="撤去",COLUMN(CC86:DK86)-COLUMN(CC86)+1))))} | BY86: あまり | BZ86: 部屋 | DR86: － | DS86: 0 | EP86: － | EQ86: 0 | ES86: #N/A | EV86: － | EY86: － | FB86: － | FE86: － | FH86: －
E87: 304 | F87: J・ホテルりんくう | G87: 180 | H87: 246 | I87: 78 | J87: 139 | K87: 0304_J・ホテルりんくう | L87: 192 | M87: 3 | N87: 中 | O87: 宿泊施設 | P87: 80 | Q87: － | R87: ○(ｼﾞﾑ内等) | S87: ○ | T87: 付近に乗降場無し（りんくう駅前ロータリー） | U87: ○ | V87: 全棟 | X87: ◎ | Y87: ◎ | AA87: 配宿無し | AD87: =SUM(AC87,AC88) -> 0 | AE87: 有 | AF87: 見積取得済 | AH87: =FQ87 -> 0 | AV87: 26000 | AW87: 48000 | AZ87: 49638000 | BB87: =AI87*DM87 -> 0 | BJ87: 11222400 | BM87: =GP87 -> 4 | BN87: =GQ87 -> 0 | BP87: =SUM(AZ87,BA87,BI87,BO87) -> 49638000 | BQ87: =BP87-GR87 -> -16459200 | BS87: 有 | BT87: =GU87 -> 45913 | BU87: =GV87 -> 45936 | BV87: =IFERROR(INDEX($BY$9:$DH$9, MATCH("準備", BY87:DK87, 0)), "") | BW87: {=IF(COUNTIF(BY87:DK87,"*撤去*")=0,"",INDEX(BY$9:DK$9,1,MAX(IF(CC87:DK87="撤去",COLUMN(CC87:DK87)-COLUMN(BY87)+1))))} | BX87: =BW87-BV87 -> #VALUE! | DM87: {=SUM(IF(ISNUMBER($BY87:$DK87),$BY87:$DK87, 0))} -> 0 | DQ87: 配宿無し | DT87: =SUM(DS87,DS88) -> 0 | DY87: 0 | ED87: 0 | EH87: 0 | EI87: 45913 | EJ87: 45936 | EM87: #VALUE! | EO87: ビーチバレーボール（男子） | EP87: 碧南市 | EQ87: 96 | ER87: 192 | ES87: 176 | ET87: 176 | EU87: 166 | EV87: 碧南緑地ビーチコート | EW87: 20.1 | EX87: 26 | EY87: トヨタ自動車衣浦ビーチバレーボール施設 | EZ87: 21 | FA87: 27 | FB87: ー | FE87: ー | FH87: ー | FK87: 114 | FL87: 0.46341463 | FM87: J・ホテルりんくう 合計 | FN87: 契約済 | FO87: 見積取得済 | FP87: 2134000 | FQ87: 0 | FR87: 4100 | FS87: 78 | FT87: 139 | FU87: 192 | FV87: 11114.583 | FW87: 27358.974 | FX87: 15352.518 | FY87: 11753 | FZ87: 21153 | GA87: 467600 | GB87: 3 | GC87: 49082000 | GD87: 16247200 | GE87: 49082000 | GF87: 16247200 | GG87: 0 | GH87: 0 | GI87: 9446400 | GJ87: 768000 | GM87: 0 | GN87: 280000 | GO87: 0 | GP87: 4 | GQ87: 0 | GR87: 66097200 | GS87: -21783698 | GT87: 有 | GU87: 45913 | GV87: 45936 | GW87: 46278 | GX87: 46300 | GY87: 22 | HD87: 0 | HE87: 0 | HF87: 0 | HG87: 0 | HH87: 0 | HI87: 0 | HJ87: 0 | HK87: 0 | HL87: 0 | HM87: 準備 | HN87: 準備 | HO87: 192 | HP87: 192 | HQ87: 192 | HR87: 192 | HS87: 192 | HT87: 192 | HU87: 192 | HV87: 192 | HW87: 192 | HX87: 192 | HY87: 192 | HZ87: 192 | IA87: 192 | IB87: 192 | IC87: 192 | ID87: 192 | IE87: 192 | IF87: 192 | IG87: 192 | IH87: 192 | II87: 撤去 | IJ87: 0 | IK87: 0 | IL87: 0 | IN87: {=SUM(IF(ISNUMBER($HD87:$IL87),$HD87:$IL87, 0))} -> 3840 | IR87: =VLOOKUP($E87,[1]アジアResults1031!$A$1:$CH$259,23,FALSE) -> 2935686 | IS87: =VLOOKUP($E87,[1]アジアResults1031!$A$1:$CH$259,32,FALSE) -> 180 | IT87: =KY87/(GY87-2) -> 99.6 | IU87: =IR87/IT87 -> 29474.759 | IV87: =VLOOKUP(E87,[1]アジアResults1031!$A$1:$CH$264,26,FALSE) -> 11753 | IW87: =VLOOKUP(E87,[1]アジアResults1031!$A$1:$CH$264,27,FALSE) -> 21153 | IX87: =VLOOKUP($E87,[1]アジアResults1031!$A$1:$CH$259,18,FALSE) -> 174707 | IY87: =VLOOKUP($E87,[1]アジアResults1031!$A$1:$CH$259,9,FALSE) -> 3 | IZ87: =IR87*JF87 -> 41099604 | JA87: =IX87*JF87 -> 2445898 | JD87: =IFERROR(INDEX($JO$9:$KW$9, MATCH("準備", JO87:KW87, 0)), "") -> 46279 | JE87: {=IF(COUNTIF(JO87:KW87,"*撤去*")=0,"",INDEX(JO$9:KW$9,1,MAX(IF(JO87:KW87="撤去",COLUMN(JO87:KW87)-COLUMN(JO87)+1))))} -> 46293 | JF87: =JE87-JD87 -> 14 | JG87: 2935686 | JH87: 174707 | JY87: 準備 | JZ87: 準備 | KA87: 166 | KB87: 166 | KC87: 166 | KD87: 166 | KE87: 166 | KF87: 166 | KG87: 166 | KH87: 166 | KI87: 166 | KJ87: 166 | KK87: 166 | KL87: 166 | KM87: 撤去 | KY87: {=SUM(IF(ISNUMBER($JO87:$KW87),$JO87:$KW87, 0))} -> 1992
I88: 0 | J88: 0 | L88: 0 | BV88: =IFERROR(INDEX($HD$9:$II$9, MATCH("準備", CC88:DK88, 0)), "") | BW88: {=IF(COUNTIF(CC88:DK88,"*撤去*")=0,"",INDEX(CC$9:DK$9,1,MAX(IF(CC88:DK88="撤去",COLUMN(CC88:DK88)-COLUMN(CC88)+1))))} | BY88: あまり | BZ88: 部屋 | CL88: 0 | CM88: 0 | CN88: 78 | CO88: 78 | CP88: 78 | CQ88: 78 | CR88: 78 | CS88: 78 | CT88: 78 | CU88: 78 | CV88: 78 | CW88: 78 | CX88: 78 | CY88: 78 | CZ88: 78 | DA88: 78 | DB88: 78 | DC88: 78 | DD88: 78 | DE88: 78 | DF88: 78 | DG88: 78 | DH88: 0 | EO88: ビーチバレーボール（女子） | EP88: 碧南市 | EQ88: 96 | ES88: #N/A | EV88: 碧南緑地ビーチコート | EW88: 20 | EX88: 26 | EY88: トヨタ自動車衣浦ビーチバレーボール施設 | EZ88: 21 | FA88: 27 | FB88: ー | FE88: ー | FH88: ー
B89: 西三河 | C89: 安城市 | D89: 18 | E89: 221 | F89: ホテルグランドティアラ南名古屋 | G89: 108 | H89: 162 | I89: 111 | J89: 183 | K89: 0221_ホテルグランドティアラ南名古屋 | L89: 145 | M89: 11 | N89: 中 | O89: 宿泊施設 | P89: 40 | Q89: － | R89: ○ | S89: ○ | T89: 玄関前（屋根無）2台 | U89: ○ | V89: 全棟 | X89: ◎ | Y89: ◎ | Z89: ◎ | AA89: 近代五種 | AB89: 安城市 | AC89: 108 | AD89: =SUM(AC89,AC90) -> 258 | AE89: 無 | AF89: 見積取得済 | AG89: ='[1]0221_グランドティアラ 別紙1-1'!H25 -> 2488750 | AH89: =FQ89 -> 0 | AI89: =FR89 -> 4100 | AJ89: =AK89/AT89 -> 1.5898343 | AK89: =33000*1.1 -> 36300 | AL89: 0.83 | AM89: =30000*1.1 -> 33000 | AN89: 要 | AO89: =3000*1.1 -> 3300 | AP89: ='[1]0221_グランドティアラ 別紙1-1'!G23 -> 109 | AQ89: ='[1]0221_グランドティアラ 別紙1-1'!Z23 -> 179 | AR89: =DM89/(BX89-2) -> 127.90909 | AS89: =AG89/AR89 -> 19457.178 | AT89: =AG89/AP89 -> 22832.569 | AU89: =AG89/AQ89 -> 13903.631 | AV89: 26000 | AW89: 48000 | AX89: =SUM('[1]0221_グランドティアラ 別紙1-2'!N39,'[1]0221_グランドティアラ 別紙1-3'!N21) -> 7959880 | AY89: =SUM('[1]0221_グランドティアラ 別紙1-2'!I36,'[1]0221_グランドティアラ 別紙1-3'!G18) -> 9 | AZ89: ='[1]0221_グランドティアラ 別紙1-1'!C27 -> 52263750 | BA89: =SUM('[1]0221_グランドティアラ 別紙1-2'!O37,'[1]0221_グランドティアラ 別紙1-3'!O19) -> 166727480 | BC89: =AH89*DM89 -> 0 | BD89: 241766640 | BE89: =BD89-21000*DM89*0.6 -> 206310240 | BF89: 147354120 | BG89: =BF89-0 -> 147354120 | BH89: 11029500 | BI89: =GJ89 -> 0 | BK89: =BM89*5000*BX89 -> 360000 | BL89: =1800000*BN89*BX89 -> 0 | BM89: =GP89 -> 3 | BN89: =GQ89 -> 0 | BP89: =SUM(AZ89,BA89,BI89,BO89,BB89) -> 218991230 | BQ89: =BP89-GR89 -> -5514770 | BS89: 有 | BT89: =GU89 -> 46279 | BU89: =GV89 -> 46299 | BV89: =IFERROR(INDEX($BY$9:$DH$9, MATCH("準備", BY89:DK89, 0)), "") -> 46276 | BW89: {=IF(COUNTIF(BY89:DK89,"*撤去*")=0,"",INDEX(BY$9:DK$9,1,MAX(IF(CC89:DK89="撤去",COLUMN(CC89:DK89)-COLUMN(BY89)+1))))} -> 46300 | BX89: =BW89-BV89 -> 24 | BY89: 0 | BZ89: 0 | CA89: 0 | CB89: 0 | CC89: 0 | CD89: 0 | CE89: 0 | CF89: 0 | CG89: 0 | CH89: 0 | CI89: 0 | CJ89: 準備 | CK89: 準備 | CL89: 108 | CM89: 108 | CN89: 108 | CO89: 108 | CP89: 108 | CQ89: 108 | CR89: 108 | CS89: 108 | CT89: 150 | CU89: 150 | CV89: 150 | CW89: 150 | CX89: 150 | CY89: 150 | CZ89: 150 | DA89: 150 | DB89: 150 | DC89: 150 | DD89: 150 | DE89: 150 | DF89: 150 | DG89: 0 | DH89: 撤去 | DI89: 0 | DJ89: 0 | DK89: 0 | DM89: {=SUM(IF(ISNUMBER($BY89:$DK89),$BY89:$DK89, 0))} -> 2814 | DN89: 2465 | DO89: =DM89*(BX89)/(BX89+1) -> 2701.44 | DQ89: 射撃① | DR89: 豊田市 | DS89: 145 | DT89: =SUM(DS89,DS90) -> 145 | DU89: 2548150 | DV89: 6540000 | DW89: 50963000 | DX89: 1.3037e+08 | DY89: 47601000 | DZ89: 229878000 | EA89: 1.379268e+08 | EB89: 7662600 | EC89: 0 | ED89: 3895764.4 | EE89: 300000 | EF89: 0 | EH89: 228934000 | EI89: 46279 | EJ89: 46299 | EK89: 46279 | EL89: 46299 | EM89: 20 | EO89: 射撃① | EP89: 豊田市 | EQ89: 145 | ER89: 145 | ES89: 132 | ET89: 132 | EU89: 140 | EV89: 愛知県総合射撃場 | EW89: 51.5 | EX89: 66 | EY89: 競技会場に設置 | EZ89: 51.5 | FA89: 66 | FB89: ー | FE89: ー | FH89: ー | FK89: 17 | FL89: 0.10493827 | FM89: ホテルグランドティアラ南名古屋 合計 | FN89: 契約書提示中 | FO89: 見積取得済 | FP89: 2548150 | FQ89: 0 | FR89: 4100 | FS89: 111 | FT89: 183 | FU89: 145 | FV89: 17573.448 | FW89: 22956.306 | FX89: 13924.317 | FY89: 16500 | FZ89: 42000 | GA89: 6540000 | GB89: 5 | GC89: 50963000 | GD89: 1.3037e+08 | GE89: 50963000 | GF89: 1.3037e+08 | GG89: 0 | GH89: 0 | GI89: 43173000 | GK89: 3895764.4 | GL89: 2293608.9 | GM89: -1602155.5 | GN89: 210000 | GO89: 0 | GP89: 3 | GQ89: 0 | GR89: 224506000 | GS89: -22711134 | GT89: 有 | GU89: 46279 | GV89: 46299 | GW89: 46279 | GX89: 46299 | GY89: 20 | HD89: 0 | HE89: 0 | HF89: 0 | HG89: 0 | HH89: 0 | HI89: 0 | HJ89: 0 | HK89: 0 | HL89: 0 | HM89: 0 | HN89: 準備 | HO89: 準備 | HP89: 145 | HQ89: 145 | HR89: 145 | HS89: 145 | HT89: 145 | HU89: 145 | HV89: 145 | HW89: 145 | HX89: 145 | HY89: 145 | HZ89: 145 | IA89: 145 | IB89: 145 | IC89: 145 | ID89: 145 | IE89: 145 | IF89: 145 | IG89: 145 | IH89: 撤去 | II89: 0 | IJ89: 0 | IK89: 0 | IL89: 0 | IN89: {=SUM(IF(ISNUMBER($HD89:$IL89),$HD89:$IL89, 0))} -> 2610 | IR89: =VLOOKUP($E89,[1]アジアResults1031!$A$1:$CH$259,23,FALSE) -> 5780110 | IS89: =VLOOKUP($E89,[1]アジアResults1031!$A$1:$CH$259,32,FALSE) -> 108 | IT89: =KY89/(GY89-2) -> 116.66667 | IU89: =IR89/IT89 -> 49543.8 | IV89: =VLOOKUP(E89,[1]アジアResults1031!$A$1:$CH$264,26,FALSE) -> 17342 | IW89: =VLOOKUP(E89,[1]アジアResults1031!$A$1:$CH$264,27,FALSE) -> 82566 | IX89: =VLOOKUP($E89,[1]アジアResults1031!$A$1:$CH$259,18,FALSE) -> 3550588 | IY89: =VLOOKUP($E89,[1]アジアResults1031!$A$1:$CH$259,9,FALSE) -> 7 | IZ89: =IR89*JF89 -> 98261870 | JA89: =IX89*JF89 -> 60359996 | JD89: =IFERROR(INDEX($JO$9:$KW$9, MATCH("準備", JO89:KW89, 0)), "") -> 46279 | JE89: {=IF(COUNTIF(JO89:KW89,"*撤去*")=0,"",INDEX(JO$9:KW$9,1,MAX(IF(JO89:KW89="撤去",COLUMN(JO89:KW89)-COLUMN(JO89)+1))))} -> 46296 | JF89: =JE89-JD89 -> 17 | JG89: 2548150 | JH89: 6539998 | JY89: 準備 | JZ89: 準備 | KA89: 140 | KB89: 140 | KC89: 140 | KD89: 140 | KE89: 140 | KF89: 140 | KG89: 140 | KH89: 140 | KI89: 140 | KJ89: 140 | KK89: 140 | KL89: 140 | KM89: 140 | KN89: 140 | KO89: 140 | KP89: 撤去 | KY89: {=SUM(IF(ISNUMBER($JO89:$KW89),$JO89:$KW89, 0))} -> 2100
G90: 0 | H90: 0 | I90: 0 | J90: 0 | L90: 0 | M90: 0 | N90: 0 | O90: 0 | P90: 0 | Q90: 0 | R90: 0 | S90: 0 | T90: 0 | AA90: クリケット（男子）① | AB90: 日進市 | AC90: 150 | BV90: =IFERROR(INDEX($HD$9:$II$9, MATCH("準備", CC90:DK90, 0)), "") | BW90: {=IF(COUNTIF(CC90:DK90,"*撤去*")=0,"",INDEX(CC$9:DK$9,1,MAX(IF(CC90:DK90="撤去",COLUMN(CC90:DK90)-COLUMN(CC90)+1))))} | BY90: あまり | BZ90: 部屋 | CL90: 0 | CM90: 0 | CN90: 0 | CO90: 0 | CP90: 0 | CQ90: 0 | CR90: 0 | CS90: 0 | CT90: 0 | CU90: 0 | CV90: 0 | CW90: 0 | CX90: 0 | CY90: 0 | CZ90: 0 | DA90: 0 | DB90: 0 | DC90: 0 | DD90: 0 | DE90: 0 | DF90: 0 | DG90: 0 | DR90: － | DS90: 0 | EP90: － | EQ90: 0 | ES90: #N/A | EV90: － | EY90: － | FB90: － | FE90: － | FH90: －
E91: 220 | F91: 東横INN三河安城駅新幹線南口１ | G91: 143 | H91: 144 | I91: 64 | J91: 64 | K91: 0220_東横INN三河安城駅新幹線南口1 | L91: 85 | M91: 0 | N91: 高 | O91: ケータリング | P91: 16 | Q91: － | R91: － | S91: ○ | T91: 路上1台 | U91: ○ | V91: 全棟 | X91: ◎ | AA91: 配宿無し | AD91: =SUM(AC91,AC92) -> 0 | AE91: 無 | AF91: 見積取得済 | AG91: ='[1]0200_東横三河Ⅰ 別紙1-1'!M23 -> 823900 | AH91: =FQ91 -> 0 | AI91: =FR91 -> 4100 | AK91: 0 | AM91: 0 | AO91: 0 | AP91: ='[1]0200_東横三河Ⅰ 別紙1-1'!K21 -> 64 | AQ91: ='[1]0200_東横三河Ⅰ 別紙1-1'!AF21 -> 64 | AR91: =DM91/(BX91-2) -> 0 | AS91: =AG91/AR91 -> #DIV/0! | AT91: =AG91/AP91 -> 12873.438 | AU91: =AG91/AQ91 -> 12873.438 | AV91: 26000 | AW91: 48000 | AX91: =GA91 -> 0 | AY91: =GB91 -> 0 | AZ91: ='[1]0200_東横三河Ⅰ 別紙1-1'!C24 -> 17301900 | BA91: =GD91 -> 0 | BC91: =AH91*DM91 -> 0 | BI91: =GJ91 -> 0 | BJ91: =GK91 -> 0 | BK91: =BM91*5000*BX91 -> 315000 | BL91: =1800000*BN91*BX91 -> 0 | BM91: =GP91 -> 3 | BN91: =GQ91 -> 0 | BP91: =SUM(AZ91,BA91,BI91,BO91) -> 17301900 | BQ91: =BP91-GR91 -> 823900 | BS91: 有 | BT91: =GU91 -> 46279 | BU91: =GV91 -> 46299 | BV91: =IFERROR(INDEX($BY$9:$DH$9, MATCH("準備", BY91:DK91, 0)), "") -> 46278 | BW91: {=IF(COUNTIF(BY91:DK91,"*撤去*")=0,"",INDEX(BY$9:DK$9,1,MAX(IF(CC91:DK91="撤去",COLUMN(CC91:DK91)-COLUMN(BY91)+1))))} -> 46299 | BX91: =BW91-BV91 -> 21 | BY91: 0 | BZ91: 0 | CA91: 0 | CB91: 0 | CC91: 0 | CD91: 0 | CE91: 0 | CF91: 0 | CG91: 0 | CH91: 0 | CI91: 0 | CJ91: 0 | CK91: 0 | CL91: 準備 | CM91: 準備 | DG91: 撤去 | DH91: 0 | DI91: 0 | DJ91: 0 | DK91: 0 | DM91: {=SUM(IF(ISNUMBER($BY91:$DK91),$BY91:$DK91, 0))} -> 0 | DN91: 1445 | DO91: =DM91*(BX91)/(BX91+1) -> 0 | DQ91: 射撃② | DR91: 豊田市 | DS91: 85 | DT91: =SUM(DS91,DS92) -> 85 | DU91: 823900 | DV91: 0 | DW91: 16478000 | DX91: 0 | EC91: 0 | ED91: 0 | EE91: 300000 | EF91: 0 | EH91: 16478000 | EI91: 46279 | EJ91: 46299 | EK91: 46279 | EL91: 46299 | EM91: 20 | EO91: 射撃② | EP91: 豊田市 | EQ91: 85 | ER91: 85 | EU91: 90 | EV91: 愛知県総合射撃場 | EW91: 51.7 | EX91: 67 | EY91: 競技会場に設置 | EZ91: 51.7 | FA91: 67 | FB91: ー | FE91: ー | FH91: ー | FK91: 59 | FL91: 0.40972222 | FM91: 東横INN三河安城駅新幹線南口１ 合計 | FN91: 契約済 | FO91: 見積取得済 | FP91: 823900 | FQ91: 0 | FR91: 4100 | FS91: 64 | FT91: 64 | FU91: 85 | FV91: 9692.9412 | FW91: 12873.438 | FX91: 12873.438 | FY91: 6824 | FZ91: 9883 | GA91: 0 | GB91: 0 | GC91: 16478000 | GD91: 0 | GE91: 16478000 | GF91: 0 | GG91: 0 | GH91: 0 | GM91: 0 | GN91: 210000 | GO91: 0 | GP91: 3 | GQ91: 0 | GR91: 16478000 | GS91: 3517026 | GT91: 有 | GU91: 46279 | GV91: 46299 | GW91: 46279 | GX91: 46299 | GY91: 20 | HD91: 0 | HE91: 0 | HF91: 0 | HG91: 0 | HH91: 0 | HI91: 0 | HJ91: 0 | HK91: 0 | HL91: 0 | HM91: 0 | HN91: 準備 | HO91: 準備 | HP91: 85 | HQ91: 85 | HR91: 85 | HS91: 85 | HT91: 85 | HU91: 85 | HV91: 85 | HW91: 85 | HX91: 85 | HY91: 85 | HZ91: 85 | IA91: 85 | IB91: 85 | IC91: 85 | ID91: 85 | IE91: 85 | IF91: 85 | IG91: 85 | IH91: 撤去 | II91: 0 | IJ91: 0 | IK91: 0 | IL91: 0 | IN91: {=SUM(IF(ISNUMBER($HD91:$IL91),$HD91:$IL91, 0))} -> 1530 | IR91: =VLOOKUP($E91,[1]アジアResults1031!$A$1:$CH$259,23,FALSE) -> 1176178 | IS91: =VLOOKUP($E91,[1]アジアResults1031!$A$1:$CH$259,32,FALSE) -> 143 | IT91: =KY91/(GY91-2) -> 75 | IU91: =IR91/IT91 -> 15682.373 | IV91: =VLOOKUP(E91,[1]アジアResults1031!$A$1:$CH$264,26,FALSE) -> 6824 | IW91: =VLOOKUP(E91,[1]アジアResults1031!$A$1:$CH$264,27,FALSE) -> 9883 | IX91: =VLOOKUP($E91,[1]アジアResults1031!$A$1:$CH$259,18,FALSE) -> 0 | IY91: =VLOOKUP($E91,[1]アジアResults1031!$A$1:$CH$259,9,FALSE) -> 0 | IZ91: =IR91*JF91 -> 19995026 | JA91: =IX91*JF91 -> 0 | JD91: =IFERROR(INDEX($JO$9:$KW$9, MATCH("準備", JO91:KW91, 0)), "") -> 46279 | JE91: {=IF(COUNTIF(JO91:KW91,"*撤去*")=0,"",INDEX(JO$9:KW$9,1,MAX(IF(JO91:KW91="撤去",COLUMN(JO91:KW91)-COLUMN(JO91)+1))))} -> 46296 | JF91: =JE91-JD91 -> 17 | JG91: 1176178 | JH91: 0 | JY91: 準備 | JZ91: 準備 | KA91: 90 | KB91: 90 | KC91: 90 | KD91: 90 | KE91: 90 | KF91: 90 | KG91: 90 | KH91: 90 | KI91: 90 | KJ91: 90 | KK91: 90 | KL91: 90 | KM91: 90 | KN91: 90 | KO91: 90 | KP91: 撤去 | KY91: {=SUM(IF(ISNUMBER($JO91:$KW91),$JO91:$KW91, 0))} -> 1350
G92: 0 | H92: 0 | I92: 0 | J92: 0 | L92: 0 | M92: 0 | N92: 0 | O92: 0 | P92: 0 | Q92: 0 | R92: 0 | S92: 0 | T92: 0 | AB92: － | AC92: 0 | BV92: =IFERROR(INDEX($HD$9:$II$9, MATCH("準備", CC92:DK92, 0)), "") | BW92: {=IF(COUNTIF(CC92:DK92,"*撤去*")=0,"",INDEX(CC$9:DK$9,1,MAX(IF(CC92:DK92="撤去",COLUMN(CC92:DK92)-COLUMN(CC92)+1))))} | BY92: あまり | BZ92: 部屋 | CL92: 0 | CM92: 0 | CN92: 0 | CO92: 0 | CP92: 0 | CQ92: 0 | CR92: 0 | CS92: 0 | CT92: 0 | CU92: 0 | CV92: 0 | CW92: 0 | CX92: 0 | CY92: 0 | CZ92: 0 | DA92: 0 | DB92: 0 | DC92: 0 | DD92: 0 | DE92: 0 | DF92: 0 | DG92: 0 | DR92: － | DS92: 0 | EP92: － | EQ92: 0 | ES92: #N/A | EV92: － | EY92: － | FB92: － | FE92: － | FH92: －
E93: 219 | F93: 東横INN三河安城駅新幹線南口２ | G93: 246 | H93: 247 | I93: 245 | J93: 245 | K93: 0219_東横INN三河安城駅新幹線南口2 | L93: 225 | M93: 0 | N93: 高 | O93: ケータリング | P93: 40 | Q93: － | R93: － | S93: ○ | T93: 路上1台 | U93: ○ | V93: 全棟 | X93: ◎ | AA93: 配宿無し | AD93: =SUM(AC93,AC94) -> 0 | AE93: 無 | AF93: 見積取得済 | AG93: ='[1]0219_東横三河Ⅱ 別紙1-1'!M24 -> 3185000 | AH93: =FQ93 -> 0 | AI93: =FR93 -> 4100 | AK93: 0 | AM93: 0 | AO93: 0 | AP93: ='[1]0219_東横三河Ⅱ 別紙1-1'!K22 -> 245 | AQ93: ='[1]0219_東横三河Ⅱ 別紙1-1'!AF22 -> 245 | AR93: =DM93/(BX93-2) -> 0 | AS93: =AG93/AR93 -> #DIV/0! | AT93: =AG93/AP93 -> 13000 | AU93: =AG93/AQ93 -> 13000 | AV93: 26000 | AW93: 48000 | AX93: =GA93 -> 0 | AY93: =GB93 -> 0 | AZ93: ='[1]0219_東横三河Ⅱ 別紙1-1'!C26 -> 66885000 | BA93: =GD93 -> 0 | BC93: =AH93*DM93 -> 0 | BI93: =GJ93 -> 0 | BJ93: =GK93 -> 0 | BK93: =BM93*5000*BX93 -> 525000 | BL93: =1800000*BN93*BX93 -> 0 | BM93: =GP93 -> 5 | BN93: =GQ93 -> 0 | BP93: =SUM(AZ93,BA93,BI93,BO93) -> 66885000 | BQ93: =BP93-GR93 -> 3185000 | BS93: 有 | BT93: =GU93 -> 46279 | BU93: =GV93 -> 46299 | BV93: =IFERROR(INDEX($BY$9:$DH$9, MATCH("準備", BY93:DK93, 0)), "") -> 46278 | BW93: {=IF(COUNTIF(BY93:DK93,"*撤去*")=0,"",INDEX(BY$9:DK$9,1,MAX(IF(CC93:DK93="撤去",COLUMN(CC93:DK93)-COLUMN(BY93)+1))))} -> 46299 | BX93: =BW93-BV93 -> 21 | BY93: 0 | BZ93: 0 | CA93: 0 | CB93: 0 | CC93: 0 | CD93: 0 | CE93: 0 | CF93: 0 | CG93: 0 | CH93: 0 | CI93: 0 | CJ93: 0 | CK93: 0 | CL93: 準備 | CM93: 準備 | DG93: 撤去 | DH93: 0 | DI93: 0 | DJ93: 0 | DK93: 0 | DM93: {=SUM(IF(ISNUMBER($BY93:$DK93),$BY93:$DK93, 0))} -> 0 | DN93: 3825 | DO93: =DM93*(BX93)/(BX93+1) -> 0 | DQ93: 射撃③ | DR93: 豊田市 | DS93: 225 | DT93: =SUM(DS93,DS94) -> 225 | DU93: 3185000 | DV93: 0 | DW93: 63700000 | DX93: 0 | EC93: 0 | ED93: 0 | EE93: 500000 | EF93: 0 | EH93: 63700000 | EI93: 46279 | EJ93: 46299 | EK93: 46279 | EL93: 46299 | EM93: 20 | EO93: 射撃③ | EP93: 豊田市 | EQ93: 225 | ER93: 225 | EU93: 215 | EV93: 愛知県総合射撃場 | EW93: 51.7 | EX93: 67 | EY93: 競技会場に設置 | EZ93: 51.7 | FA93: 67 | FB93: ー | FE93: ー | FH93: ー | FK93: 22 | FL93: 0.089068826 | FM93: 東横INN三河安城駅新幹線南口２ 合計 | FN93: 契約済 | FO93: 見積取得済 | FP93: 3185000 | FQ93: 0 | FR93: 4100 | FS93: 245 | FT93: 245 | FU93: 225 | FV93: 14155.556 | FW93: 13000 | FX93: 13000 | FY93: 6824 | FZ93: 10000 | GA93: 0 | GB93: 0 | GC93: 63700000 | GD93: 0 | GE93: 63700000 | GF93: 0 | GG93: 0 | GH93: 0 | GM93: 0 | GN93: 350000 | GO93: 0 | GP93: 5 | GQ93: 0 | GR93: 63700000 | GS93: -28045169 | GT93: 有 | GU93: 46279 | GV93: 46299 | GW93: 46279 | GX93: 46299 | GY93: 20 | HD93: 0 | HE93: 0 | HF93: 0 | HG93: 0 | HH93: 0 | HI93: 0 | HJ93: 0 | HK93: 0 | HL93: 0 | HM93: 0 | HN93: 準備 | HO93: 準備 | HP93: 225 | HQ93: 225 | HR93: 225 | HS93: 225 | HT93: 225 | HU93: 225 | HV93: 225 | HW93: 225 | HX93: 225 | HY93: 225 | HZ93: 225 | IA93: 225 | IB93: 225 | IC93: 225 | ID93: 225 | IE93: 225 | IF93: 225 | IG93: 225 | IH93: 撤去 | II93: 0 | IJ93: 0 | IK93: 0 | IL93: 0 | IN93: {=SUM(IF(ISNUMBER($HD93:$IL93),$HD93:$IL93, 0))} -> 4050 | IR93: =VLOOKUP($E93,[1]アジアResults1031!$A$1:$CH$259,23,FALSE) -> 2097343 | IS93: =VLOOKUP($E93,[1]アジアResults1031!$A$1:$CH$259,32,FALSE) -> 246 | IT93: =KY93/(GY93-2) -> 179.16667 | IU93: =IR93/IT93 -> 11706.1 | IV93: =VLOOKUP(E93,[1]アジアResults1031!$A$1:$CH$264,26,FALSE) -> 6824 | IW93: =VLOOKUP(E93,[1]アジアResults1031!$A$1:$CH$264,27,FALSE) -> 10000 | IX93: =VLOOKUP($E93,[1]アジアResults1031!$A$1:$CH$259,18,FALSE) -> 0 | IY93: =VLOOKUP($E93,[1]アジアResults1031!$A$1:$CH$259,9,FALSE) -> 0 | IZ93: =IR93*JF93 -> 35654831 | JA93: =IX93*JF93 -> 0 | JD93: =IFERROR(INDEX($JO$9:$KW$9, MATCH("準備", JO93:KW93, 0)), "") -> 46279 | JE93: {=IF(COUNTIF(JO93:KW93,"*撤去*")=0,"",INDEX(JO$9:KW$9,1,MAX(IF(JO93:KW93="撤去",COLUMN(JO93:KW93)-COLUMN(JO93)+1))))} -> 46296 | JF93: =JE93-JD93 -> 17 | JG93: 2097343 | JH93: 0 | JY93: 準備 | JZ93: 準備 | KA93: 215 | KB93: 215 | KC93: 215 | KD93: 215 | KE93: 215 | KF93: 215 | KG93: 215 | KH93: 215 | KI93: 215 | KJ93: 215 | KK93: 215 | KL93: 215 | KM93: 215 | KN93: 215 | KO93: 215 | KP93: 撤去 | KY93: {=SUM(IF(ISNUMBER($JO93:$KW93),$JO93:$KW93, 0))} -> 3225
G94: 0 | H94: 0 | I94: 0 | J94: 0 | L94: 0 | M94: 0 | N94: 0 | O94: 0 | P94: 0 | Q94: 0 | R94: 0 | S94: 0 | T94: 0 | AB94: － | AC94: 0 | BV94: =IFERROR(INDEX($HD$9:$II$9, MATCH("準備", CC94:DK94, 0)), "") | BW94: {=IF(COUNTIF(CC94:DK94,"*撤去*")=0,"",INDEX(CC$9:DK$9,1,MAX(IF(CC94:DK94="撤去",COLUMN(CC94:DK94)-COLUMN(CC94)+1))))} | BY94: あまり | BZ94: 部屋 | CL94: 0 | CM94: 0 | CN94: 0 | CO94: 0 | CP94: 0 | CQ94: 0 | CR94: 0 | CS94: 0 | CT94: 0 | CU94: 0 | CV94: 0 | CW94: 0 | CX94: 0 | CY94: 0 | CZ94: 0 | DA94: 0 | DB94: 0 | DC94: 0 | DD94: 0 | DE94: 0 | DF94: 0 | DG94: 0 | DR94: － | DS94: 0 | EP94: － | EQ94: 0 | ES94: #N/A | EV94: － | EY94: － | FB94: － | FE94: － | FH94: －
E95: 223 | F95: 天然温泉 三州の湯 ドーミーイン EXPRESS 三河安城 | G95: 128 | H95: 142 | I95: 117 | J95: 130 | K95: 0223_天然温泉三州の湯ドーミーインEXPRESS三河安城 | L95: 130 | M95: 0 | N95: 調査中 | O95: ケータリング | P95: 40 | Q95: － | R95: ○ | S95: ○ | T95: 専用乗降場所（屋根無）1台 | U95: ○ | V95: 全棟 | X95: ◎ | AA95: 配宿無し | AD95: =SUM(AC95,AC96) -> 0 | AE95: 無 | AF95: 見積取得済 | AG95: ='[1]0223_ドーミー三河安城 別紙1-1'!M25 -> 5935490 | AH95: =FQ95 -> 0 | AI95: =FR95 -> 4100 | AK95: 0 | AM95: 0 | AO95: 0 | AP95: ='[1]0223_ドーミー三河安城 別紙1-1'!K23 -> 128 | AQ95: ='[1]0223_ドーミー三河安城 別紙1-1'!AF23 -> 156 | AR95: =DM95/(BX95-2) -> 0 | AS95: =AG95/AR95 -> #DIV/0! | AT95: =AG95/AP95 -> 46371.016 | AU95: =AG95/AQ95 -> 38048.013 | AV95: 26000 | AW95: 48000 | AX95: =GA95 -> 0 | AY95: =GB95 -> 0 | AZ95: ='[1]0223_ドーミー三河安城 別紙1-1'!C27 -> 125136690 | BA95: =GD95 -> 0 | BC95: =AH95*DM95 -> 0 | BI95: ='[1]0223_ドーミー三河安城 別紙1-1'!AG23 -> 491400 | BJ95: =GK95 -> 0 | BK95: =BM95*5000*BX95 -> 420000 | BL95: =1800000*BN95*BX95 -> 0 | BM95: =GP95 -> 4 | BN95: =GQ95 -> 0 | BP95: =SUM(AZ95,BA95,BI95,BO95) -> 125628090 | BQ95: =BP95-GR95 -> 17878690 | BS95: 無 | BT95: =GU95 -> 46279 | BU95: =GV95 -> 46299 | BV95: =IFERROR(INDEX($BY$9:$DH$9, MATCH("準備", BY95:DK95, 0)), "") -> 46278 | BW95: {=IF(COUNTIF(BY95:DK95,"*撤去*")=0,"",INDEX(BY$9:DK$9,1,MAX(IF(CC95:DK95="撤去",COLUMN(CC95:DK95)-COLUMN(BY95)+1))))} -> 46299 | BX95: =BW95-BV95 -> 21 | BY95: 0 | BZ95: 0 | CA95: 0 | CB95: 0 | CC95: 0 | CD95: 0 | CE95: 0 | CF95: 0 | CG95: 0 | CH95: 0 | CI95: 0 | CJ95: 0 | CK95: 0 | CL95: 準備 | CM95: 準備 | DG95: 撤去 | DH95: 0 | DI95: 0 | DJ95: 0 | DK95: 0 | DM95: {=SUM(IF(ISNUMBER($BY95:$DK95),$BY95:$DK95, 0))} -> 0 | DN95: 2210 | DO95: =DM95*(BX95)/(BX95+1) -> 0 | DQ95: 射撃④ | DR95: 豊田市 | DS95: 130 | DT95: =SUM(DS95,DS96) -> 130 | DU95: 5387470 | DV95: 0 | DW95: 107749400 | DX95: 0 | EC95: 0 | ED95: 0 | EE95: 400000 | EF95: 0 | EH95: 107749400 | EI95: 46279 | EJ95: 46299 | EK95: 46279 | EL95: 46299 | EM95: 20 | EO95: 射撃④ | EP95: 豊田市 | EQ95: 130 | ER95: 130 | ET95: 112 | EU95: 112 | EV95: 愛知県総合射撃場 | EW95: 51.5 | EX95: 66 | EY95: 競技会場に設置 | EZ95: 51.5 | FA95: 66 | FB95: ー | FE95: ー | FH95: ー | FK95: 12 | FL95: 0.084507042 | FM95: 天然温泉 三州の湯 ドーミーイン EXPRESS 三河安城 合計 | FN95: 契約済 | FO95: 見積取得済 | FP95: 5387470 | FQ95: 0 | FR95: 4100 | FS95: 117 | FT95: 130 | FU95: 130 | FV95: 41442.077 | FW95: 46046.752 | FX95: 41442.077 | FY95: 24600 | FZ95: 44500 | GA95: 0 | GB95: 0 | GC95: 107749400 | GD95: 0 | GE95: 107749400 | GF95: 0 | GG95: 0 | GH95: 0 | GM95: 0 | GN95: 280000 | GO95: 0 | GP95: 4 | GQ95: 0 | GR95: 107749400 | GS95: -107749400 | GT95: 無 | GU95: 46279 | GV95: 46299 | GW95: 46279 | GX95: 46299 | GY95: 20 | HD95: 0 | HE95: 0 | HF95: 0 | HG95: 0 | HH95: 0 | HI95: 0 | HJ95: 0 | HK95: 0 | HL95: 0 | HM95: 0 | HN95: 準備 | HO95: 準備 | HP95: 130 | HQ95: 130 | HR95: 130 | HS95: 130 | HT95: 130 | HU95: 130 | HV95: 130 | HW95: 130 | HX95: 130 | HY95: 130 | HZ95: 130 | IA95: 130 | IB95: 130 | IC95: 130 | ID95: 130 | IE95: 130 | IF95: 130 | IG95: 130 | IH95: 撤去 | II95: 0 | IJ95: 0 | IK95: 0 | IL95: 0 | IN95: {=SUM(IF(ISNUMBER($HD95:$IL95),$HD95:$IL95, 0))} -> 2340 | IR95: 0 | IX95: 0 | JG95: 5703225 | JH95: 165000 | KY95: {=SUM(IF(ISNUMBER($JO95:$KW95),$JO95:$KW95, 0))} -> 0
G96: 0 | H96: 0 | I96: 0 | J96: 0 | L96: 0 | M96: 0 | N96: 0 | O96: 0 | P96: 0 | Q96: 0 | R96: 0 | S96: 0 | T96: 0 | AB96: － | AC96: 0 | BV96: =IFERROR(INDEX($HD$9:$II$9, MATCH("準備", CC96:DK96, 0)), "") | BW96: {=IF(COUNTIF(CC96:DK96,"*撤去*")=0,"",INDEX(CC$9:DK$9,1,MAX(IF(CC96:DK96="撤去",COLUMN(CC96:DK96)-COLUMN(CC96)+1))))} | BY96: あまり | BZ96: 部屋 | CL96: 0 | CM96: 0 | CN96: 0 | CO96: 0 | CP96: 0 | CQ96: 0 | CR96: 0 | CS96: 0 | CT96: 0 | CU96: 0 | CV96: 0 | CW96: 0 | CX96: 0 | CY96: 0 | CZ96: 0 | DA96: 0 | DB96: 0 | DC96: 0 | DD96: 0 | DE96: 0 | DF96: 0 | DG96: 0 | DR96: － | DS96: 0 | EP96: － | EQ96: 0 | ES96: #N/A | EV96: － | EY96: － | FB96: － | FE96: － | FH96: －
D97: 19 | E97: 222 | F97: HOTEL LiVEMAX三河安城駅前 | G97: 72 | H97: 72 | I97: 72 | J97: 72 | K97: 173760400 | L97: 0 | Q97: 0 | R97: 調査中 | S97: 調査中 | T97: ○ | U97: フロア | AA97: クリケット（男子）➁ | AB97: 日進市 | AC97: 72 | AD97: =SUM(AC97,AC98) -> 72 | AE97: 有 | AF97: 見積依頼中 | AG97: ='[1]0222_リブマックス三河安城 別紙1-1'!M25 -> 968000 | AH97: =FQ97 -> 0 | AI97: =FR97 -> 0 | AK97: 0 | AM97: 0 | AO97: 0 | AP97: ='[1]0222_リブマックス三河安城 別紙1-1'!K23 -> 72 | AQ97: ='[1]0222_リブマックス三河安城 別紙1-1'!AF23 -> 80 | AR97: =DM97/(BX97-2) -> 66.857143 | AS97: =AG97/AR97 -> 14478.632 | AT97: =AG97/AP97 -> 13444.444 | AU97: =AG97/AQ97 -> 12100 | AV97: 26000 | AW97: 48000 | AX97: =GA97 -> 0 | AY97: =GB97 -> 0 | AZ97: ='[1]0222_リブマックス三河安城 別紙1-1'!C27 -> 20328000 | BA97: =GD97 -> 0 | BC97: =AH97*DM97 -> 0 | BI97: =GJ97 -> 0 | BJ97: =GK97 -> 0 | BK97: =BM97*5000*BX97 -> 160000 | BL97: =1800000*BN97*BX97 -> 0 | BM97: 2 | BN97: =GQ97 -> 0 | BP97: =SUM(AZ97,BA97,BI97,BO97) -> 20328000 | BQ97: =BP97-GR97 -> 20328000 | BS97: 無 | BT97: ='[1]0222_リブマックス三河安城 別紙1-1'!B8 -> 46278 | BU97: ='[1]0222_リブマックス三河安城 別紙1-1'!G8 -> 46299 | BV97: =IFERROR(INDEX($BY$9:$DH$9, MATCH("準備", BY97:DK97, 0)), "") -> 46284 | BW97: {=IF(COUNTIF(BY97:DK97,"*撤去*")=0,"",INDEX(BY$9:DK$9,1,MAX(IF(CC97:DK97="撤去",COLUMN(CC97:DK97)-COLUMN(BY97)+1))))} -> 46300 | BX97: =BW97-BV97 -> 16 | BY97: 0 | BZ97: 0 | CA97: 0 | CB97: 0 | CC97: 0 | CD97: 0 | CE97: 0 | CF97: 0 | CG97: 0 | CH97: 0 | CI97: 0 | CJ97: 0 | CK97: 0 | CL97: 0 | CM97: 0 | CN97: 0 | CO97: 0 | CP97: 0 | CQ97: 0 | CR97: 準備 | CS97: 準備 | CT97: 72 | CU97: 72 | CV97: 72 | CW97: 72 | CX97: 72 | CY97: 72 | CZ97: 72 | DA97: 72 | DB97: 72 | DC97: 72 | DD97: 72 | DE97: 72 | DF97: 72 | DG97: 0 | DH97: 撤去 | DI97: 0 | DJ97: 0 | DK97: 0 | DM97: {=SUM(IF(ISNUMBER($BY97:$DK97),$BY97:$DK97, 0))} -> 936 | DN97: 1020 | DO97: =DM97*(BX97)/(BX97+1) -> 880.94118 | DQ97: 射撃⑤ | DR97: 豊田市 | DS97: 60 | DT97: =SUM(DS97,DS98) -> 60 | DU97: 2011644 | DV97: 0 | DW97: 40232880 | DX97: 0 | EC97: 0 | ED97: 0 | EE97: 200000 | EF97: 0 | EH97: 40232880 | EK97: 46279 | EL97: 46299 | EM97: 20
BY98: あまり | BZ98: 部屋
C99: 豊田市 | D99: 20 | E99: 201 | F99: 全トヨタ労連研修センター つどいの丘 | G99: 69 | H99: 106 | I99: 68 | J99: 132 | K99: 0201_全トヨタ労連研修センター つどいの丘 | L99: 65 | M99: 19 | N99: 調査中 | O99: 宿泊施設 | P99: 106 | Q99: － | R99: ○ | S99: ○ | T99: 玄関前（屋根付）3台 | U99: ○ | V99: 全棟 | X99: ◎ | Y99: ◎ | AA99: カヌー・カヤック（スラローム） | AB99: 豊田市 | AC99: 58 | AD99: =SUM(AC99,AC100) -> 58 | AE99: 無 | AF99: 見積取得済 | AG99: =FP99 -> 1173920 | AH99: =FQ99 -> 1540 | AI99: =FR99 -> 2560 | AJ99: =AK99/AT99 -> 1.7737972 | AK99: =ROUNDUP(27838*1.1,0) -> 30622 | AL99: =AM99/AT99 -> 1.7737972 | AM99: =ROUNDUP(27838*1.1,0) -> 30622 | AN99: 要 | AO99: =3083*1.1 -> 3391.3 | AP99: =FS99 -> 68 | AQ99: =FT99 -> 132 | AR99: =DM99/(BX99-2) -> 54.133333 | AS99: =AG99/AR99 -> 21685.714 | AT99: =AG99/AP99 -> 17263.529 | AU99: =AG99/AQ99 -> 8893.3333 | AV99: 26000 | AW99: 48000 | AX99: =GA99 -> 205095 | AY99: =GB99 -> 19 | AZ99: =GC99 -> 19346800 | BA99: =GD99 -> 3593590 | BC99: =AH99*DM99 -> 1250480 | BD99: 15067833 | BF99: 11942502 | BH99: 1017390 | BI99: =GJ99 -> 0 | BJ99: =GK99 -> 0 | BK99: =BM99*5000*BX99 -> 170000 | BL99: =1800000*BN99*BX99 -> 0 | BM99: =GP99 -> 2 | BN99: =GQ99 -> 0 | BP99: =SUM(AZ99,BA99,BI99,BO99) -> 22940390 | BQ99: =BP99-GR99 -> 0 | BS99: 有 | BT99: =GU99 -> 46283 | BU99: =GV99 -> 46300 | BV99: =IFERROR(INDEX($BY$9:$DH$9, MATCH("準備", BY99:DK99, 0)), "") -> 46283 | BW99: {=IF(COUNTIF(BY99:DK99,"*撤去*")=0,"",INDEX(BY$9:DK$9,1,MAX(IF(CC99:DK99="撤去",COLUMN(CC99:DK99)-COLUMN(BY99)+1))))} -> 46300 | BX99: =BW99-BV99 -> 17 | BY99: 0 | BZ99: 0 | CA99: 0 | CB99: 0 | CC99: 0 | CD99: 0 | CE99: 0 | CF99: 0 | CG99: 0 | CH99: 0 | CI99: 0 | CJ99: 0 | CK99: 0 | CL99: 0 | CM99: 0 | CN99: 0 | CO99: 0 | CP99: 0 | CQ99: 準備 | CR99: 準備 | CS99: 58 | CT99: 58 | CU99: 58 | CV99: 58 | CW99: 58 | CX99: 58 | CY99: 58 | CZ99: 58 | DA99: 58 | DB99: 58 | DC99: 58 | DD99: 58 | DE99: 58 | DF99: 58 | DG99: 0 | DH99: 撤去 | DI99: 0 | DJ99: 0 | DK99: 0 | DM99: {=SUM(IF(ISNUMBER($BY99:$DK99),$BY99:$DK99, 0))} -> 812 | DN99: 910 | DO99: =DM99*(BX99)/(BX99+1) -> 766.88889 | DQ99: カヌー・カヤック（スラローム） | DR99: 豊田市 | DS99: 65 | DT99: =SUM(DS99,DS100) -> 65 | DU99: 1173920 | DV99: 205095 | DW99: 19346800 | DX99: 3593590 | DY99: 2496000 | DZ99: 17913870 | EA99: 11942580 | EB99: 991955.25 | EC99: 0 | ED99: 0 | EE99: 170000 | EF99: 0 | EH99: 22940390 | EI99: 46283 | EJ99: 46300 | EK99: 46283 | EL99: 46300 | EM99: 17 | EO99: カヌー・カヤック（スラローム） | EP99: 豊田市 | EQ99: 65 | ER99: 65 | ES99: 65 | ET99: 65 | EU99: 56 | EV99: 矢作川カヌースラロームコース | EW99: 16 | EX99: 22 | EY99: 競技会場に設置 | EZ99: 16 | FA99: 22 | FB99: ー | FE99: ー | FH99: ー | FK99: 41 | FL99: 0.38679245 | FM99: 全トヨタ労連研修センター つどいの丘 合計 | FN99: 契約済 | FO99: 見積取得済 | FP99: 1173920 | FQ99: 1540 | FR99: 2560 | FS99: 68 | FT99: 132 | FU99: 65 | FV99: 18060.308 | FW99: 17263.529 | FX99: 8893.3333 | FY99: 6342 | FZ99: 10095 | GA99: 205095 | GB99: 19 | GC99: 19346800 | GD99: 3593590 | GE99: 10309310 | GF99: 3593590 | GG99: -9037490 | GH99: 0 | GI99: 1497600 | GM99: 0 | GN99: 140000 | GO99: 0 | GP99: 2 | GQ99: 0 | GR99: 22940390 | GS99: -14650986 | GT99: 有 | GU99: 46283 | GV99: 46300 | GW99: 46283 | GX99: 46300 | GY99: 17 | HD99: 0 | HE99: 0 | HF99: 0 | HG99: 0 | HH99: 0 | HI99: 0 | HJ99: 0 | HK99: 0 | HL99: 0 | HM99: 0 | HN99: 0 | HO99: 0 | HP99: 0 | HQ99: 0 | HR99: 準備 | HS99: 準備 | HT99: 65 | HU99: 65 | HV99: 65 | HW99: 65 | HX99: 65 | HY99: 65 | HZ99: 65 | IA99: 65 | IB99: 65 | IC99: 65 | ID99: 65 | IE99: 65 | IF99: 65 | IG99: 65 | IH99: 65 | II99: 撤去 | IJ99: 0 | IK99: 0 | IL99: 0 | IN99: {=SUM(IF(ISNUMBER($HD99:$IL99),$HD99:$IL99, 0))} -> 975 | IR99: =VLOOKUP($E99,[1]アジアResults1031!$A$1:$CH$259,23,FALSE) -> 402908 | IS99: =VLOOKUP($E99,[1]アジアResults1031!$A$1:$CH$259,32,FALSE) -> 55 | IT99: =KY99/(GY99-2) -> 56 | IU99: =IR99/IT99 -> 7194.7857 | IV99: =VLOOKUP(E99,[1]アジアResults1031!$A$1:$CH$264,26,FALSE) -> 6342 | IW99: =VLOOKUP(E99,[1]アジアResults1031!$A$1:$CH$264,27,FALSE) -> 10095 | IX99: =VLOOKUP($E99,[1]アジアResults1031!$A$1:$CH$259,18,FALSE) -> 84704 | IY99: =VLOOKUP($E99,[1]アジアResults1031!$A$1:$CH$259,9,FALSE) -> 5 | IZ99: =IR99*JF99 -> 6849436 | JA99: =IX99*JF99 -> 1439968 | JD99: =IFERROR(INDEX($JO$9:$KW$9, MATCH("準備", JO99:KW99, 0)), "") -> 46283 | JE99: {=IF(COUNTIF(JO99:KW99,"*撤去*")=0,"",INDEX(JO$9:KW$9,1,MAX(IF(JO99:KW99="撤去",COLUMN(JO99:KW99)-COLUMN(JO99)+1))))} -> 46300 | JF99: =JE99-JD99 -> 17 | JG99: 402908 | JH99: 84704 | KC99: 準備 | KD99: 準備 | KE99: 56 | KF99: 56 | KG99: 56 | KH99: 56 | KI99: 56 | KJ99: 56 | KK99: 56 | KL99: 56 | KM99: 56 | KN99: 56 | KO99: 56 | KP99: 56 | KQ99: 56 | KR99: 56 | KS99: 56 | KT99: 撤去 | KY99: {=SUM(IF(ISNUMBER($JO99:$KW99),$JO99:$KW99, 0))} -> 840
F100: ※空き分については技術役員との同宿可 | I100: 0 | J100: 0 | K100: #N/A | L100: 0 | AB100: － | AC100: 0 | BV100: =IFERROR(INDEX($HD$9:$II$9, MATCH("準備", CC100:DK100, 0)), "") | BW100: {=IF(COUNTIF(CC100:DK100,"*撤去*")=0,"",INDEX(CC$9:DK$9,1,MAX(IF(CC100:DK100="撤去",COLUMN(CC100:DK100)-COLUMN(CC100)+1))))} | BY100: あまり | BZ100: 部屋 | DR100: － | DS100: 0 | EP100: － | EQ100: 0 | ES100: #N/A | EV100: － | EY100: － | FB100: － | FE100: － | FH100: －
D101: 21 | E101: 206 | F101: ホテルトヨタキャッスル | G101: 151 | H101: 191 | I101: 143 | J101: 182 | K101: 0206_トヨタキャッスルホテル | L101: 174 | M101: 6 | N101: － | O101: 宿泊施設 | P101: 60 | Q101: ○ | R101: － | S101: － | T101: 玄関前（屋根付）1台 | U101: ○ | V101: 全棟 | X101: ◎ | Y101: ◎ | AB101: － | AC101: 0 | AD101: =SUM(AC101:AC103) -> 288 | AE101: 有 | AF101: 見積取得済 | AG101: =FP101 -> 5579200 | AH101: =FQ101 -> 4100 | AI101: =FR101 -> 0 | AJ101: 0.986 | AK101: =ROUNDUP(19653*1.1,0) -> 21619 | AL101: 0.83 | AM101: =ROUNDUP(12547*1.1,0) -> 13802 | AN101: 要 | AO101: =2825*1.1 -> 3107.5 | AP101: =FS101 -> 143 | AQ101: =FT101 -> 182 | AR101: =DM101/(BX101-2) -> 101.45455 | AS101: =AG101/AR101 -> 54992.115 | AT101: =AG101/AP101 -> 39015.385 | AU101: =AG101/AQ101 -> 30654.945 | AV101: 26000 | AW101: 48000 | AX101: =GA101 -> 6712200 | AY101: =GB101 -> 3 | AZ101: =AG101*BX101 -> 133900800 | BA101: =AX101*(BX101+0.5) -> 1.644489e+08 | BB101: =AI101*DM101 -> 0 | BC101: =AH101*DM101 -> 9151200 | BD101: 19781510 | BF101: 16493032 | BG101: 16493032 | BH101: 2762567.5 | BI101: =GJ101 -> 0 | BJ101: =GK101 -> 0 | BK101: =BM101*5000*BX101 -> 360000 | BL101: =1800000*BN101*BX101 -> 43200000 | BM101: =GP101 -> 3 | BN101: =GQ101 -> 1 | BO101: =AX101*3 -> 20136600 | BP101: =SUM(AZ101,BA101,BI101,BO101) -> 318486300 | BQ101: =BP101-GR101 -> 2655854 | BS101: 有 | BT101: =GU101 -> 46276 | BU101: =GV101 -> 46300 | BV101: =IFERROR(INDEX($BY$9:$DH$9, MATCH("準備", BY101:DK101, 0)), "") -> 46276 | BW101: {=IF(COUNTIF(BY101:DK101,"*撤去*")=0,"",INDEX(BY$9:DK$9,1,MAX(IF(CC101:DK101="撤去",COLUMN(CC101:DK101)-COLUMN(BY101)+1))))} -> 46300 | BX101: =BW101-BV101 -> 24 | BY101: 0 | BZ101: 0 | CA101: 0 | CB101: 0 | CC101: 0 | CD101: 0 | CE101: 0 | CF101: 0 | CG101: 0 | CH101: 0 | CI101: 0 | CJ101: 準備 | CK101: 準備 | CL101: 144 | CM101: 144 | CN101: 144 | CO101: 144 | CP101: 144 | CQ101: 144 | CR101: 144 | CS101: 144 | CT101: 144 | CU101: 144 | CV101: 144 | CW101: 72 | CX101: 72 | CY101: 72 | CZ101: 0 | DA101: 0 | DB101: 0 | DC101: 0 | DD101: 144 | DE101: 144 | DF101: 144 | DG101: 0 | DH101: 撤去 | DI101: 0 | DJ101: 0 | DK101: 0 | DM101: {=SUM(IF(ISNUMBER($BY101:$DK101),$BY101:$DK101, 0))} -> 2232 | DO101: =DM101*(BX101)/(BX101+1) -> 2142.72 | DQ101: 卓球① | DR101: 豊田市 | DS101: 30 | DT101: =SUM(DS101:DS103) -> 318 | DU101: 5579200 | DV101: 6712200 | DW101: 133900800 | DX101: 1.644489e+08 | DY101: 0 | DZ101: 37201975 | EA101: 15833654 | EB101: 2673693 | EC101: 0 | ED101: 0 | EE101: 360000 | EF101: 43200000 | EG101: 20136600 | EH101: 318486300 | EI101: 46276 | EJ101: 46300 | EK101: 46276 | EL101: 46300 | EM101: 24 | EO101: 卓球① | EP101: 豊田市 | EQ101: 30 | ER101: 318 | ES101: 170 | ET101: 170 | EU101: 140 | EV101: スカイホール豊田 | EW101: 0.9 | EX101: 4 | EY101: 競技会場に設置 | EZ101: 0.9 | FA101: 4 | FB101: ー | FE101: ー | FH101: ー | FK101: 21 | FL101: 0.10994764 | FM101: ホテルトヨタキャッスル 合計 | FN101: 契約済 | FO101: 見積取得済 | FP101: 5579200 | FQ101: 4100 | FR101: 0 | FS101: 143 | FT101: 182 | FU101: 126.24 | FV101: 44195.184 | FW101: 39015.385 | FX101: 30654.945 | FY101: 24000 | FZ101: 62000 | GA101: 6712200 | GB101: 3 | GC101: 131244946 | GD101: 184585500 | GE101: 147982546 | GF101: 184585500 | GG101: 16737600 | GH101: 0 | GI101: 0 | GM101: 0 | GN101: 210000 | GO101: 48600000 | GP101: 3 | GQ101: 1 | GR101: 315830446 | GS101: -180895971 | GT101: 有 | GU101: 46276 | GV101: 46300 | GW101: 46273 | GX101: 46300 | GY101: 27 | HD101: 0 | HE101: 0 | HF101: 0 | HG101: 0 | HH101: 準備 | HI101: 準備 | HJ101: 144 | HK101: 144 | HL101: 144 | HM101: 144 | HN101: 144 | HO101: 144 | HP101: 174 | HQ101: 174 | HR101: 174 | HS101: 174 | HT101: 174 | HU101: 174 | HV101: 102 | HW101: 102 | HX101: 102 | HY101: 102 | HZ101: 30 | IA101: 30 | IB101: 30 | IC101: 30 | ID101: 144 | IE101: 144 | IF101: 144 | IG101: 144 | IH101: 144 | II101: 撤去 | IJ101: 0 | IK101: 0 | IL101: 0 | IN101: {=SUM(IF(ISNUMBER($HD101:$IL101),$HD101:$IL101, 0))} -> 3156 | IR101: =VLOOKUP($E101,[1]アジアResults1031!$A$1:$CH$259,23,FALSE) -> 3855179 | IS101: =VLOOKUP($E101,[1]アジアResults1031!$A$1:$CH$259,32,FALSE) -> 144 | IT101: =KY101/(GY101-2) -> 128.8 | IU101: =IR101/IT101 -> 29931.514 | IV101: =VLOOKUP(E101,[1]アジアResults1031!$A$1:$CH$264,26,FALSE) -> 17942 | IW101: =VLOOKUP(E101,[1]アジアResults1031!$A$1:$CH$264,27,FALSE) -> 35648 | IX101: =VLOOKUP($E101,[1]アジアResults1031!$A$1:$CH$259,18,FALSE) -> 1542200 | IY101: =VLOOKUP($E101,[1]アジアResults1031!$A$1:$CH$259,9,FALSE) -> 1 | IZ101: =IR101*JF101 -> 96379475 | JA101: =IX101*JF101 -> 38555000 | JD101: =IFERROR(INDEX($JO$9:$KW$9, MATCH("準備", JO101:KW101, 0)), "") -> 46275 | JE101: {=IF(COUNTIF(JO101:KW101,"*撤去*")=0,"",INDEX(JO$9:KW$9,1,MAX(IF(JO101:KW101="撤去",COLUMN(JO101:KW101)-COLUMN(JO101)+1))))} -> 46300 | JF101: =JE101-JD101 -> 25 | JG101: 5551700 | JH101: 4474800 | JU101: 準備 | JV101: 準備 | JW101: 140 | JX101: 140 | JY101: 140 | JZ101: 140 | KA101: 140 | KB101: 140 | KC101: 140 | KD101: 140 | KE101: 140 | KF101: 140 | KG101: 140 | KH101: 140 | KI101: 140 | KJ101: 140 | KK101: 140 | KL101: 140 | KM101: 140 | KN101: 140 | KO101: 140 | KP101: 140 | KQ101: 140 | KR101: 140 | KS101: 140 | KT101: 撤去 | KY101: {=SUM(IF(ISNUMBER($JO101:$KW101),$JO101:$KW101, 0))} -> 3220
I102: 0 | J102: 0 | L102: 0 | AA102: サッカー（男子／豊田） | AB102: 豊田市 | AC102: 144 | BV102: =IFERROR(INDEX($HD$9:$II$9, MATCH("準備", CC102:DK102, 0)), "") | BW102: {=IF(COUNTIF(CC102:DK102,"*撤去*")=0,"",INDEX(CC$9:DK$9,1,MAX(IF(CC102:DK102="撤去",COLUMN(CC102:DK102)-COLUMN(CC102)+1))))} | DQ102: サッカー（男子／豊田） | DR102: 豊田市 | DS102: 144 | EO102: サッカー（男子／豊田） | EP102: 豊田市 | EQ102: 144 | ES102: #N/A | EV102: 豊田スタジアム | EW102: 1.1 | EX102: 4 | EY102: 豊田市五ヶ丘運動広場球技場（愛知） | EZ102: 5.3 | FA102: 15 | FB102: 岡崎市龍北総合運動場（愛知） | FC102: 15.6 | FD102: 30 | FE102: ー | FH102: ー
G103: 0 | H103: 0 | I103: 0 | J103: 0 | L103: 0 | M103: 0 | N103: 0 | O103: 0 | P103: 0 | Q103: 0 | R103: 0 | S103: 0 | T103: 0 | AA103: サッカー（男子／豊田／決勝T） | AB103: 豊田市 | AC103: 144 | BV103: =IFERROR(INDEX($HD$9:$II$9, MATCH("準備", CC103:DK103, 0)), "") | BW103: {=IF(COUNTIF(CC103:DK103,"*撤去*")=0,"",INDEX(CC$9:DK$9,1,MAX(IF(CC103:DK103="撤去",COLUMN(CC103:DK103)-COLUMN(CC103)+1))))} | BY103: あまり | BZ103: 部屋 | DQ103: サッカー（男子／豊田／決勝T） | DR103: 豊田市 | DS103: 144 | EO103: サッカー（男子／豊田／決勝T） | EP103: 豊田市 | EQ103: 144 | ES103: #N/A | EV103: 豊田スタジアム | EW103: 1.1 | EX103: 4 | EY103: 豊田市五ヶ丘運動広場球技場（愛知） | EZ103: 5.3 | FA103: 15 | FB103: 岡崎市龍北総合運動場（愛知） | FC103: 15.6 | FD103: 30 | FE103: ー | FH103: ー
...
